,img_0,img_1,Lensing
0,0_img_0,0_img_1,1
1,1_img_0,1_img_1,1
2,2_img_0,2_img_1,1
3,3_img_0,3_img_1,1
4,4_img_0,4_img_1,1
5,5_img_0,5_img_1,1
6,6_img_0,6_img_1,1
7,7_img_0,7_img_1,1
8,8_img_0,8_img_1,1
9,9_img_0,9_img_1,1
10,10_img_0,10_img_1,1
11,11_img_0,11_img_1,1
12,12_img_0,12_img_1,1
13,13_img_0,13_img_1,1
14,14_img_0,14_img_1,1
15,15_img_0,15_img_1,1
16,16_img_0,16_img_1,1
17,17_img_0,17_img_1,1
18,18_img_0,18_img_1,1
19,19_img_0,19_img_1,1
20,20_img_0,20_img_1,1
21,21_img_0,21_img_1,1
22,22_img_0,22_img_1,1
23,23_img_0,23_img_1,1
24,24_img_0,24_img_1,1
25,25_img_0,25_img_1,1
26,26_img_0,26_img_1,1
27,27_img_0,27_img_1,1
28,28_img_0,28_img_1,1
29,29_img_0,29_img_1,1
30,30_img_0,30_img_1,1
31,31_img_0,31_img_1,1
32,32_img_0,32_img_1,1
33,33_img_0,33_img_1,1
34,34_img_0,34_img_1,1
35,35_img_0,35_img_1,1
36,36_img_0,36_img_1,1
37,37_img_0,37_img_1,1
38,38_img_0,38_img_1,1
39,39_img_0,39_img_1,1
40,40_img_0,40_img_1,1
41,41_img_0,41_img_1,1
42,42_img_0,42_img_1,1
43,43_img_0,43_img_1,1
44,44_img_0,44_img_1,1
45,45_img_0,45_img_1,1
46,46_img_0,46_img_1,1
47,47_img_0,47_img_1,1
48,48_img_0,48_img_1,1
49,49_img_0,49_img_1,1
50,50_img_0,50_img_1,1
51,51_img_0,51_img_1,1
52,52_img_0,52_img_1,1
53,53_img_0,53_img_1,1
54,54_img_0,54_img_1,1
55,56_img_0,56_img_1,1
56,58_img_0,58_img_1,1
57,59_img_0,59_img_1,1
58,60_img_0,60_img_1,1
59,61_img_0,61_img_1,1
60,62_img_0,62_img_1,1
61,63_img_0,63_img_1,1
62,64_img_0,64_img_1,1
63,65_img_0,65_img_1,1
64,66_img_0,66_img_1,1
65,67_img_0,67_img_1,1
66,69_img_0,69_img_1,1
67,70_img_0,70_img_1,1
68,71_img_0,71_img_1,1
69,72_img_0,72_img_1,1
70,73_img_0,73_img_1,1
71,74_img_0,74_img_1,1
72,75_img_0,75_img_1,1
73,77_img_0,77_img_1,1
74,78_img_0,78_img_1,1
75,79_img_0,79_img_1,1
76,80_img_0,80_img_1,1
77,81_img_0,81_img_1,1
78,82_img_0,82_img_1,1
79,83_img_0,83_img_1,1
80,84_img_0,84_img_1,1
81,85_img_0,85_img_1,1
82,86_img_0,86_img_1,1
83,87_img_0,87_img_1,1
84,88_img_0,88_img_1,1
85,89_img_0,89_img_1,1
86,90_img_0,90_img_1,1
87,91_img_0,91_img_1,1
88,92_img_0,92_img_1,1
89,93_img_0,93_img_1,1
90,94_img_0,94_img_1,1
91,95_img_0,95_img_1,1
92,96_img_0,96_img_1,1
93,97_img_0,97_img_1,1
94,98_img_0,98_img_1,1
95,99_img_0,99_img_1,1
96,100_img_0,100_img_1,1
97,101_img_0,101_img_1,1
98,102_img_0,102_img_1,1
99,103_img_0,103_img_1,1
100,104_img_0,104_img_1,1
101,105_img_0,105_img_1,1
102,106_img_0,106_img_1,1
103,107_img_0,107_img_1,1
104,108_img_0,108_img_1,1
105,109_img_0,109_img_1,1
106,110_img_0,110_img_1,1
107,111_img_0,111_img_1,1
108,112_img_0,112_img_1,1
109,113_img_0,113_img_1,1
110,114_img_0,114_img_1,1
111,115_img_0,115_img_1,1
112,116_img_0,116_img_1,1
113,117_img_0,117_img_1,1
114,118_img_0,118_img_1,1
115,119_img_0,119_img_1,1
116,120_img_0,120_img_1,1
117,121_img_0,121_img_1,1
118,122_img_0,122_img_1,1
119,123_img_0,123_img_1,1
120,124_img_0,124_img_1,1
121,125_img_0,125_img_1,1
122,126_img_0,126_img_1,1
123,127_img_0,127_img_1,1
124,128_img_0,128_img_1,1
125,129_img_0,129_img_1,1
126,130_img_0,130_img_1,1
127,131_img_0,131_img_1,1
128,132_img_0,132_img_1,1
129,133_img_0,133_img_1,1
130,134_img_0,134_img_1,1
131,135_img_0,135_img_1,1
132,136_img_0,136_img_1,1
133,137_img_0,137_img_1,1
134,138_img_0,138_img_1,1
135,139_img_0,139_img_1,1
136,140_img_0,140_img_1,1
137,141_img_0,141_img_1,1
138,142_img_0,142_img_1,1
139,143_img_0,143_img_1,1
140,144_img_0,144_img_1,1
141,145_img_0,145_img_1,1
142,146_img_0,146_img_1,1
143,147_img_0,147_img_1,1
144,148_img_0,148_img_1,1
145,149_img_0,149_img_1,1
146,150_img_0,150_img_1,1
147,151_img_0,151_img_1,1
148,152_img_0,152_img_1,1
149,153_img_0,153_img_1,1
150,154_img_0,154_img_1,1
151,155_img_0,155_img_1,1
152,156_img_0,156_img_1,1
153,157_img_0,157_img_1,1
154,158_img_0,158_img_1,1
155,159_img_0,159_img_1,1
156,160_img_0,160_img_1,1
157,161_img_0,161_img_1,1
158,162_img_0,162_img_1,1
159,163_img_0,163_img_1,1
160,164_img_0,164_img_1,1
161,165_img_0,165_img_1,1
162,166_img_0,166_img_1,1
163,167_img_0,167_img_1,1
164,168_img_0,168_img_1,1
165,169_img_0,169_img_1,1
166,170_img_0,170_img_1,1
167,171_img_0,171_img_1,1
168,172_img_0,172_img_1,1
169,173_img_0,173_img_1,1
170,174_img_0,174_img_1,1
171,175_img_0,175_img_1,1
172,176_img_0,176_img_1,1
173,177_img_0,177_img_1,1
174,178_img_0,178_img_1,1
175,179_img_0,179_img_1,1
176,180_img_0,180_img_1,1
177,181_img_0,181_img_1,1
178,183_img_0,183_img_1,1
179,184_img_0,184_img_1,1
180,185_img_0,185_img_1,1
181,186_img_0,186_img_1,1
182,187_img_0,187_img_1,1
183,188_img_0,188_img_1,1
184,189_img_0,189_img_1,1
185,190_img_0,190_img_1,1
186,191_img_0,191_img_1,1
187,192_img_0,192_img_1,1
188,193_img_0,193_img_1,1
189,194_img_0,194_img_1,1
190,195_img_0,195_img_1,1
191,196_img_0,196_img_1,1
192,197_img_0,197_img_1,1
193,198_img_0,198_img_1,1
194,199_img_0,199_img_1,1
195,200_img_0,200_img_1,1
196,201_img_0,201_img_1,1
197,202_img_0,202_img_1,1
198,203_img_0,203_img_1,1
199,204_img_0,204_img_1,1
200,205_img_0,205_img_1,1
201,206_img_0,206_img_1,1
202,208_img_0,208_img_1,1
203,209_img_0,209_img_1,1
204,210_img_0,210_img_1,1
205,211_img_0,211_img_1,1
206,212_img_0,212_img_1,1
207,213_img_0,213_img_1,1
208,214_img_0,214_img_1,1
209,215_img_0,215_img_1,1
210,216_img_0,216_img_1,1
211,217_img_0,217_img_1,1
212,218_img_0,218_img_1,1
213,219_img_0,219_img_1,1
214,220_img_0,220_img_1,1
215,221_img_0,221_img_1,1
216,222_img_0,222_img_1,1
217,223_img_0,223_img_1,1
218,224_img_0,224_img_1,1
219,226_img_0,226_img_1,1
220,227_img_0,227_img_1,1
221,228_img_0,228_img_1,1
222,229_img_0,229_img_1,1
223,230_img_0,230_img_1,1
224,231_img_0,231_img_1,1
225,232_img_0,232_img_1,1
226,233_img_0,233_img_1,1
227,234_img_0,234_img_1,1
228,235_img_0,235_img_1,1
229,236_img_0,236_img_1,1
230,237_img_0,237_img_1,1
231,238_img_0,238_img_1,1
232,239_img_0,239_img_1,1
233,240_img_0,240_img_1,1
234,241_img_0,241_img_1,1
235,242_img_0,242_img_1,1
236,243_img_0,243_img_1,1
237,244_img_0,244_img_1,1
238,245_img_0,245_img_1,1
239,246_img_0,246_img_1,1
240,247_img_0,247_img_1,1
241,248_img_0,248_img_1,1
242,249_img_0,249_img_1,1
243,250_img_0,250_img_1,1
244,251_img_0,251_img_1,1
245,252_img_0,252_img_1,1
246,253_img_0,253_img_1,1
247,254_img_0,254_img_1,1
248,255_img_0,255_img_1,1
249,256_img_0,256_img_1,1
250,257_img_0,257_img_1,1
251,258_img_0,258_img_1,1
252,259_img_0,259_img_1,1
253,260_img_0,260_img_1,1
254,261_img_0,261_img_1,1
255,262_img_0,262_img_1,1
256,263_img_0,263_img_1,1
257,264_img_0,264_img_1,1
258,265_img_0,265_img_1,1
259,266_img_0,266_img_1,1
260,267_img_0,267_img_1,1
261,268_img_0,268_img_1,1
262,269_img_0,269_img_1,1
263,270_img_0,270_img_1,1
264,271_img_0,271_img_1,1
265,272_img_0,272_img_1,1
266,273_img_0,273_img_1,1
267,274_img_0,274_img_1,1
268,275_img_0,275_img_1,1
269,276_img_0,276_img_1,1
270,278_img_0,278_img_1,1
271,279_img_0,279_img_1,1
272,280_img_0,280_img_1,1
273,281_img_0,281_img_1,1
274,282_img_0,282_img_1,1
275,283_img_0,283_img_1,1
276,284_img_0,284_img_1,1
277,285_img_0,285_img_1,1
278,286_img_0,286_img_1,1
279,287_img_0,287_img_1,1
280,288_img_0,288_img_1,1
281,289_img_0,289_img_1,1
282,290_img_0,290_img_1,1
283,291_img_0,291_img_1,1
284,292_img_0,292_img_1,1
285,293_img_0,293_img_1,1
286,294_img_0,294_img_1,1
287,295_img_0,295_img_1,1
288,296_img_0,296_img_1,1
289,297_img_0,297_img_1,1
290,298_img_0,298_img_1,1
291,299_img_0,299_img_1,1
292,300_img_0,300_img_1,1
293,301_img_0,301_img_1,1
294,302_img_0,302_img_1,1
295,303_img_0,303_img_1,1
296,304_img_0,304_img_1,1
297,305_img_0,305_img_1,1
298,306_img_0,306_img_1,1
299,307_img_0,307_img_1,1
300,308_img_0,308_img_1,1
301,309_img_0,309_img_1,1
302,310_img_0,310_img_1,1
303,311_img_0,311_img_1,1
304,312_img_0,312_img_1,1
305,313_img_0,313_img_1,1
306,314_img_0,314_img_1,1
307,315_img_0,315_img_1,1
308,316_img_0,316_img_1,1
309,317_img_0,317_img_1,1
310,318_img_0,318_img_1,1
311,319_img_0,319_img_1,1
312,320_img_0,320_img_1,1
313,321_img_0,321_img_1,1
314,322_img_0,322_img_1,1
315,323_img_0,323_img_1,1
316,324_img_0,324_img_1,1
317,325_img_0,325_img_1,1
318,326_img_0,326_img_1,1
319,327_img_0,327_img_1,1
320,328_img_0,328_img_1,1
321,329_img_0,329_img_1,1
322,330_img_0,330_img_1,1
323,331_img_0,331_img_1,1
324,332_img_0,332_img_1,1
325,333_img_0,333_img_1,1
326,334_img_0,334_img_1,1
327,335_img_0,335_img_1,1
328,336_img_0,336_img_1,1
329,337_img_0,337_img_1,1
330,338_img_0,338_img_1,1
331,339_img_0,339_img_1,1
332,340_img_0,340_img_1,1
333,341_img_0,341_img_1,1
334,342_img_0,342_img_1,1
335,343_img_0,343_img_1,1
336,344_img_0,344_img_1,1
337,345_img_0,345_img_1,1
338,346_img_0,346_img_1,1
339,347_img_0,347_img_1,1
340,348_img_0,348_img_1,1
341,349_img_0,349_img_1,1
342,350_img_0,350_img_1,1
343,351_img_0,351_img_1,1
344,352_img_0,352_img_1,1
345,353_img_0,353_img_1,1
346,354_img_0,354_img_1,1
347,355_img_0,355_img_1,1
348,356_img_0,356_img_1,1
349,357_img_0,357_img_1,1
350,358_img_0,358_img_1,1
351,359_img_0,359_img_1,1
352,360_img_0,360_img_1,1
353,361_img_0,361_img_1,1
354,362_img_0,362_img_1,1
355,363_img_0,363_img_1,1
356,364_img_0,364_img_1,1
357,365_img_0,365_img_1,1
358,366_img_0,366_img_1,1
359,367_img_0,367_img_1,1
360,368_img_0,368_img_1,1
361,369_img_0,369_img_1,1
362,370_img_0,370_img_1,1
363,371_img_0,371_img_1,1
364,372_img_0,372_img_1,1
365,373_img_0,373_img_1,1
366,374_img_0,374_img_1,1
367,375_img_0,375_img_1,1
368,376_img_0,376_img_1,1
369,377_img_0,377_img_1,1
370,378_img_0,378_img_1,1
371,379_img_0,379_img_1,1
372,380_img_0,380_img_1,1
373,381_img_0,381_img_1,1
374,382_img_0,382_img_1,1
375,383_img_0,383_img_1,1
376,384_img_0,384_img_1,1
377,385_img_0,385_img_1,1
378,386_img_0,386_img_1,1
379,387_img_0,387_img_1,1
380,388_img_0,388_img_1,1
381,389_img_0,389_img_1,1
382,390_img_0,390_img_1,1
383,391_img_0,391_img_1,1
384,392_img_0,392_img_1,1
385,393_img_0,393_img_1,1
386,394_img_0,394_img_1,1
387,395_img_0,395_img_1,1
388,396_img_0,396_img_1,1
389,397_img_0,397_img_1,1
390,398_img_0,398_img_1,1
391,399_img_0,399_img_1,1
392,400_img_0,400_img_1,1
393,401_img_0,401_img_1,1
394,402_img_0,402_img_1,1
395,403_img_0,403_img_1,1
396,404_img_0,404_img_1,1
397,405_img_0,405_img_1,1
398,406_img_0,406_img_1,1
399,407_img_0,407_img_1,1
400,408_img_0,408_img_1,1
401,409_img_0,409_img_1,1
402,410_img_0,410_img_1,1
403,411_img_0,411_img_1,1
404,412_img_0,412_img_1,1
405,413_img_0,413_img_1,1
406,414_img_0,414_img_1,1
407,415_img_0,415_img_1,1
408,416_img_0,416_img_1,1
409,417_img_0,417_img_1,1
410,418_img_0,418_img_1,1
411,419_img_0,419_img_1,1
412,420_img_0,420_img_1,1
413,421_img_0,421_img_1,1
414,422_img_0,422_img_1,1
415,423_img_0,423_img_1,1
416,424_img_0,424_img_1,1
417,425_img_0,425_img_1,1
418,426_img_0,426_img_1,1
419,427_img_0,427_img_1,1
420,428_img_0,428_img_1,1
421,429_img_0,429_img_1,1
422,430_img_0,430_img_1,1
423,431_img_0,431_img_1,1
424,432_img_0,432_img_1,1
425,433_img_0,433_img_1,1
426,434_img_0,434_img_1,1
427,435_img_0,435_img_1,1
428,436_img_0,436_img_1,1
429,437_img_0,437_img_1,1
430,438_img_0,438_img_1,1
431,439_img_0,439_img_1,1
432,440_img_0,440_img_1,1
433,441_img_0,441_img_1,1
434,442_img_0,442_img_1,1
435,443_img_0,443_img_1,1
436,444_img_0,444_img_1,1
437,445_img_0,445_img_1,1
438,446_img_0,446_img_1,1
439,447_img_0,447_img_1,1
440,448_img_0,448_img_1,1
441,449_img_0,449_img_1,1
442,450_img_0,450_img_1,1
443,451_img_0,451_img_1,1
444,452_img_0,452_img_1,1
445,453_img_0,453_img_1,1
446,454_img_0,454_img_1,1
447,455_img_0,455_img_1,1
448,456_img_0,456_img_1,1
449,457_img_0,457_img_1,1
450,458_img_0,458_img_1,1
451,459_img_0,459_img_1,1
452,460_img_0,460_img_1,1
453,461_img_0,461_img_1,1
454,462_img_0,462_img_1,1
455,463_img_0,463_img_1,1
456,464_img_0,464_img_1,1
457,465_img_0,465_img_1,1
458,466_img_0,466_img_1,1
459,467_img_0,467_img_1,1
460,468_img_0,468_img_1,1
461,469_img_0,469_img_1,1
462,470_img_0,470_img_1,1
463,471_img_0,471_img_1,1
464,472_img_0,472_img_1,1
465,473_img_0,473_img_1,1
466,474_img_0,474_img_1,1
467,475_img_0,475_img_1,1
468,476_img_0,476_img_1,1
469,477_img_0,477_img_1,1
470,478_img_0,478_img_1,1
471,479_img_0,479_img_1,1
472,480_img_0,480_img_1,1
473,481_img_0,481_img_1,1
474,482_img_0,482_img_1,1
475,483_img_0,483_img_1,1
476,484_img_0,484_img_1,1
477,485_img_0,485_img_1,1
478,486_img_0,486_img_1,1
479,487_img_0,487_img_1,1
480,488_img_0,488_img_1,1
481,489_img_0,489_img_1,1
482,490_img_0,490_img_1,1
483,491_img_0,491_img_1,1
484,492_img_0,492_img_1,1
485,493_img_0,493_img_1,1
486,494_img_0,494_img_1,1
487,495_img_0,495_img_1,1
488,496_img_0,496_img_1,1
489,497_img_0,497_img_1,1
490,498_img_0,498_img_1,1
491,499_img_0,499_img_1,1
492,500_img_0,500_img_1,1
493,501_img_0,501_img_1,1
494,502_img_0,502_img_1,1
495,503_img_0,503_img_1,1
496,504_img_0,504_img_1,1
497,505_img_0,505_img_1,1
498,506_img_0,506_img_1,1
499,507_img_0,507_img_1,1
500,508_img_0,508_img_1,1
501,509_img_0,509_img_1,1
502,510_img_0,510_img_1,1
503,511_img_0,511_img_1,1
504,512_img_0,512_img_1,1
505,513_img_0,513_img_1,1
506,514_img_0,514_img_1,1
507,515_img_0,515_img_1,1
508,516_img_0,516_img_1,1
509,517_img_0,517_img_1,1
510,518_img_0,518_img_1,1
511,519_img_0,519_img_1,1
512,520_img_0,520_img_1,1
513,521_img_0,521_img_1,1
514,522_img_0,522_img_1,1
515,523_img_0,523_img_1,1
516,524_img_0,524_img_1,1
517,525_img_0,525_img_1,1
518,526_img_0,526_img_1,1
519,527_img_0,527_img_1,1
520,528_img_0,528_img_1,1
521,529_img_0,529_img_1,1
522,530_img_0,530_img_1,1
523,531_img_0,531_img_1,1
524,532_img_0,532_img_1,1
525,533_img_0,533_img_1,1
526,534_img_0,534_img_1,1
527,535_img_0,535_img_1,1
528,536_img_0,536_img_1,1
529,537_img_0,537_img_1,1
530,538_img_0,538_img_1,1
531,539_img_0,539_img_1,1
532,540_img_0,540_img_1,1
533,541_img_0,541_img_1,1
534,542_img_0,542_img_1,1
535,543_img_0,543_img_1,1
536,544_img_0,544_img_1,1
537,545_img_0,545_img_1,1
538,546_img_0,546_img_1,1
539,547_img_0,547_img_1,1
540,548_img_0,548_img_1,1
541,549_img_0,549_img_1,1
542,550_img_0,550_img_1,1
543,551_img_0,551_img_1,1
544,552_img_0,552_img_1,1
545,553_img_0,553_img_1,1
546,554_img_0,554_img_1,1
547,555_img_0,555_img_1,1
548,556_img_0,556_img_1,1
549,557_img_0,557_img_1,1
550,558_img_0,558_img_1,1
551,559_img_0,559_img_1,1
552,560_img_0,560_img_1,1
553,561_img_0,561_img_1,1
554,562_img_0,562_img_1,1
555,563_img_0,563_img_1,1
556,564_img_0,564_img_1,1
557,565_img_0,565_img_1,1
558,566_img_0,566_img_1,1
559,567_img_0,567_img_1,1
560,568_img_0,568_img_1,1
561,569_img_0,569_img_1,1
562,570_img_0,570_img_1,1
563,571_img_0,571_img_1,1
564,572_img_0,572_img_1,1
565,573_img_0,573_img_1,1
566,574_img_0,574_img_1,1
567,575_img_0,575_img_1,1
568,576_img_0,576_img_1,1
569,577_img_0,577_img_1,1
570,578_img_0,578_img_1,1
571,579_img_0,579_img_1,1
572,580_img_0,580_img_1,1
573,581_img_0,581_img_1,1
574,582_img_0,582_img_1,1
575,583_img_0,583_img_1,1
576,584_img_0,584_img_1,1
577,585_img_0,585_img_1,1
578,586_img_0,586_img_1,1
579,587_img_0,587_img_1,1
580,588_img_0,588_img_1,1
581,589_img_0,589_img_1,1
582,590_img_0,590_img_1,1
583,591_img_0,591_img_1,1
584,592_img_0,592_img_1,1
585,593_img_0,593_img_1,1
586,594_img_0,594_img_1,1
587,595_img_0,595_img_1,1
588,596_img_0,596_img_1,1
589,597_img_0,597_img_1,1
590,598_img_0,598_img_1,1
591,599_img_0,599_img_1,1
592,600_img_0,600_img_1,1
593,601_img_0,601_img_1,1
594,602_img_0,602_img_1,1
595,603_img_0,603_img_1,1
596,604_img_0,604_img_1,1
597,605_img_0,605_img_1,1
598,606_img_0,606_img_1,1
599,607_img_0,607_img_1,1
600,608_img_0,608_img_1,1
601,609_img_0,609_img_1,1
602,610_img_0,610_img_1,1
603,611_img_0,611_img_1,1
604,612_img_0,612_img_1,1
605,613_img_0,613_img_1,1
606,614_img_0,614_img_1,1
607,615_img_0,615_img_1,1
608,616_img_0,616_img_1,1
609,617_img_0,617_img_1,1
610,618_img_0,618_img_1,1
611,619_img_0,619_img_1,1
612,620_img_0,620_img_1,1
613,621_img_0,621_img_1,1
614,622_img_0,622_img_1,1
615,623_img_0,623_img_1,1
616,624_img_0,624_img_1,1
617,625_img_0,625_img_1,1
618,626_img_0,626_img_1,1
619,627_img_0,627_img_1,1
620,628_img_0,628_img_1,1
621,629_img_0,629_img_1,1
622,630_img_0,630_img_1,1
623,631_img_0,631_img_1,1
624,632_img_0,632_img_1,1
625,633_img_0,633_img_1,1
626,634_img_0,634_img_1,1
627,635_img_0,635_img_1,1
628,636_img_0,636_img_1,1
629,637_img_0,637_img_1,1
630,638_img_0,638_img_1,1
631,639_img_0,639_img_1,1
632,640_img_0,640_img_1,1
633,641_img_0,641_img_1,1
634,642_img_0,642_img_1,1
635,643_img_0,643_img_1,1
636,644_img_0,644_img_1,1
637,645_img_0,645_img_1,1
638,646_img_0,646_img_1,1
639,647_img_0,647_img_1,1
640,648_img_0,648_img_1,1
641,649_img_0,649_img_1,1
642,650_img_0,650_img_1,1
643,651_img_0,651_img_1,1
644,652_img_0,652_img_1,1
645,653_img_0,653_img_1,1
646,654_img_0,654_img_1,1
647,655_img_0,655_img_1,1
648,656_img_0,656_img_1,1
649,657_img_0,657_img_1,1
650,658_img_0,658_img_1,1
651,659_img_0,659_img_1,1
652,660_img_0,660_img_1,1
653,661_img_0,661_img_1,1
654,662_img_0,662_img_1,1
655,663_img_0,663_img_1,1
656,664_img_0,664_img_1,1
657,665_img_0,665_img_1,1
658,666_img_0,666_img_1,1
659,667_img_0,667_img_1,1
660,668_img_0,668_img_1,1
661,669_img_0,669_img_1,1
662,670_img_0,670_img_1,1
663,671_img_0,671_img_1,1
664,672_img_0,672_img_1,1
665,673_img_0,673_img_1,1
666,674_img_0,674_img_1,1
667,675_img_0,675_img_1,1
668,676_img_0,676_img_1,1
669,677_img_0,677_img_1,1
670,678_img_0,678_img_1,1
671,679_img_0,679_img_1,1
672,680_img_0,680_img_1,1
673,681_img_0,681_img_1,1
674,682_img_0,682_img_1,1
675,683_img_0,683_img_1,1
676,684_img_0,684_img_1,1
677,685_img_0,685_img_1,1
678,686_img_0,686_img_1,1
679,687_img_0,687_img_1,1
680,688_img_0,688_img_1,1
681,689_img_0,689_img_1,1
682,690_img_0,690_img_1,1
683,691_img_0,691_img_1,1
684,692_img_0,692_img_1,1
685,693_img_0,693_img_1,1
686,694_img_0,694_img_1,1
687,695_img_0,695_img_1,1
688,696_img_0,696_img_1,1
689,697_img_0,697_img_1,1
690,698_img_0,698_img_1,1
691,699_img_0,699_img_1,1
692,700_img_0,700_img_1,1
693,701_img_0,701_img_1,1
694,702_img_0,702_img_1,1
695,703_img_0,703_img_1,1
696,704_img_0,704_img_1,1
697,705_img_0,705_img_1,1
698,706_img_0,706_img_1,1
699,707_img_0,707_img_1,1
700,708_img_0,708_img_1,1
701,709_img_0,709_img_1,1
702,710_img_0,710_img_1,1
703,711_img_0,711_img_1,1
704,712_img_0,712_img_1,1
705,713_img_0,713_img_1,1
706,714_img_0,714_img_1,1
707,715_img_0,715_img_1,1
708,716_img_0,716_img_1,1
709,717_img_0,717_img_1,1
710,718_img_0,718_img_1,1
711,719_img_0,719_img_1,1
712,720_img_0,720_img_1,1
713,721_img_0,721_img_1,1
714,722_img_0,722_img_1,1
715,723_img_0,723_img_1,1
716,724_img_0,724_img_1,1
717,725_img_0,725_img_1,1
718,726_img_0,726_img_1,1
719,727_img_0,727_img_1,1
720,728_img_0,728_img_1,1
721,729_img_0,729_img_1,1
722,730_img_0,730_img_1,1
723,731_img_0,731_img_1,1
724,732_img_0,732_img_1,1
725,733_img_0,733_img_1,1
726,734_img_0,734_img_1,1
727,735_img_0,735_img_1,1
728,736_img_0,736_img_1,1
729,737_img_0,737_img_1,1
730,738_img_0,738_img_1,1
731,739_img_0,739_img_1,1
732,740_img_0,740_img_1,1
733,741_img_0,741_img_1,1
734,742_img_0,742_img_1,1
735,743_img_0,743_img_1,1
736,744_img_0,744_img_1,1
737,745_img_0,745_img_1,1
738,746_img_0,746_img_1,1
739,747_img_0,747_img_1,1
740,748_img_0,748_img_1,1
741,749_img_0,749_img_1,1
742,750_img_0,750_img_1,1
743,751_img_0,751_img_1,1
744,752_img_0,752_img_1,1
745,753_img_0,753_img_1,1
746,754_img_0,754_img_1,1
747,755_img_0,755_img_1,1
748,756_img_0,756_img_1,1
749,757_img_0,757_img_1,1
750,758_img_0,758_img_1,1
751,759_img_0,759_img_1,1
752,760_img_0,760_img_1,1
753,761_img_0,761_img_1,1
754,762_img_0,762_img_1,1
755,763_img_0,763_img_1,1
756,764_img_0,764_img_1,1
757,765_img_0,765_img_1,1
758,766_img_0,766_img_1,1
759,767_img_0,767_img_1,1
760,768_img_0,768_img_1,1
761,769_img_0,769_img_1,1
762,770_img_0,770_img_1,1
763,771_img_0,771_img_1,1
764,772_img_0,772_img_1,1
765,773_img_0,773_img_1,1
766,774_img_0,774_img_1,1
767,775_img_0,775_img_1,1
768,776_img_0,776_img_1,1
769,777_img_0,777_img_1,1
770,778_img_0,778_img_1,1
771,779_img_0,779_img_1,1
772,780_img_0,780_img_1,1
773,781_img_0,781_img_1,1
774,782_img_0,782_img_1,1
775,783_img_0,783_img_1,1
776,784_img_0,784_img_1,1
777,785_img_0,785_img_1,1
778,786_img_0,786_img_1,1
779,787_img_0,787_img_1,1
780,788_img_0,788_img_1,1
781,789_img_0,789_img_1,1
782,790_img_0,790_img_1,1
783,791_img_0,791_img_1,1
784,792_img_0,792_img_1,1
785,793_img_0,793_img_1,1
786,794_img_0,794_img_1,1
787,795_img_0,795_img_1,1
788,796_img_0,796_img_1,1
789,797_img_0,797_img_1,1
790,798_img_0,798_img_1,1
791,799_img_0,799_img_1,1
792,800_img_0,800_img_1,1
793,801_img_0,801_img_1,1
794,802_img_0,802_img_1,1
795,803_img_0,803_img_1,1
796,804_img_0,804_img_1,1
797,805_img_0,805_img_1,1
798,806_img_0,806_img_1,1
799,807_img_0,807_img_1,1
800,808_img_0,808_img_1,1
801,809_img_0,809_img_1,1
802,810_img_0,810_img_1,1
803,811_img_0,811_img_1,1
804,812_img_0,812_img_1,1
805,813_img_0,813_img_1,1
806,814_img_0,814_img_1,1
807,815_img_0,815_img_1,1
808,816_img_0,816_img_1,1
809,817_img_0,817_img_1,1
810,818_img_0,818_img_1,1
811,819_img_0,819_img_1,1
812,820_img_0,820_img_1,1
813,821_img_0,821_img_1,1
814,822_img_0,822_img_1,1
815,823_img_0,823_img_1,1
816,824_img_0,824_img_1,1
817,825_img_0,825_img_1,1
818,826_img_0,826_img_1,1
819,827_img_0,827_img_1,1
820,828_img_0,828_img_1,1
821,829_img_0,829_img_1,1
822,830_img_0,830_img_1,1
823,831_img_0,831_img_1,1
824,832_img_0,832_img_1,1
825,833_img_0,833_img_1,1
826,834_img_0,834_img_1,1
827,835_img_0,835_img_1,1
828,836_img_0,836_img_1,1
829,837_img_0,837_img_1,1
830,838_img_0,838_img_1,1
831,839_img_0,839_img_1,1
832,840_img_0,840_img_1,1
833,841_img_0,841_img_1,1
834,842_img_0,842_img_1,1
835,843_img_0,843_img_1,1
836,844_img_0,844_img_1,1
837,845_img_0,845_img_1,1
838,846_img_0,846_img_1,1
839,847_img_0,847_img_1,1
840,848_img_0,848_img_1,1
841,849_img_0,849_img_1,1
842,850_img_0,850_img_1,1
843,851_img_0,851_img_1,1
844,852_img_0,852_img_1,1
845,853_img_0,853_img_1,1
846,854_img_0,854_img_1,1
847,855_img_0,855_img_1,1
848,856_img_0,856_img_1,1
849,857_img_0,857_img_1,1
850,858_img_0,858_img_1,1
851,859_img_0,859_img_1,1
852,860_img_0,860_img_1,1
853,861_img_0,861_img_1,1
854,862_img_0,862_img_1,1
855,863_img_0,863_img_1,1
856,864_img_0,864_img_1,1
857,865_img_0,865_img_1,1
858,866_img_0,866_img_1,1
859,867_img_0,867_img_1,1
860,868_img_0,868_img_1,1
861,869_img_0,869_img_1,1
862,870_img_0,870_img_1,1
863,871_img_0,871_img_1,1
864,872_img_0,872_img_1,1
865,873_img_0,873_img_1,1
866,874_img_0,874_img_1,1
867,875_img_0,875_img_1,1
868,876_img_0,876_img_1,1
869,877_img_0,877_img_1,1
870,878_img_0,878_img_1,1
871,879_img_0,879_img_1,1
872,880_img_0,880_img_1,1
873,881_img_0,881_img_1,1
874,882_img_0,882_img_1,1
875,883_img_0,883_img_1,1
876,884_img_0,884_img_1,1
877,885_img_0,885_img_1,1
878,886_img_0,886_img_1,1
879,887_img_0,887_img_1,1
880,888_img_0,888_img_1,1
881,889_img_0,889_img_1,1
882,890_img_0,890_img_1,1
883,891_img_0,891_img_1,1
884,892_img_0,892_img_1,1
885,893_img_0,893_img_1,1
886,894_img_0,894_img_1,1
887,895_img_0,895_img_1,1
888,896_img_0,896_img_1,1
889,897_img_0,897_img_1,1
890,898_img_0,898_img_1,1
891,899_img_0,899_img_1,1
892,900_img_0,900_img_1,1
893,901_img_0,901_img_1,1
894,902_img_0,902_img_1,1
895,903_img_0,903_img_1,1
896,904_img_0,904_img_1,1
897,905_img_0,905_img_1,1
898,906_img_0,906_img_1,1
899,907_img_0,907_img_1,1
900,908_img_0,908_img_1,1
901,909_img_0,909_img_1,1
902,910_img_0,910_img_1,1
903,911_img_0,911_img_1,1
904,912_img_0,912_img_1,1
905,913_img_0,913_img_1,1
906,914_img_0,914_img_1,1
907,915_img_0,915_img_1,1
908,916_img_0,916_img_1,1
909,917_img_0,917_img_1,1
910,918_img_0,918_img_1,1
911,919_img_0,919_img_1,1
912,920_img_0,920_img_1,1
913,921_img_0,921_img_1,1
914,922_img_0,922_img_1,1
915,923_img_0,923_img_1,1
916,924_img_0,924_img_1,1
917,925_img_0,925_img_1,1
918,926_img_0,926_img_1,1
919,927_img_0,927_img_1,1
920,928_img_0,928_img_1,1
921,929_img_0,929_img_1,1
922,930_img_0,930_img_1,1
923,931_img_0,931_img_1,1
924,932_img_0,932_img_1,1
925,933_img_0,933_img_1,1
926,934_img_0,934_img_1,1
927,935_img_0,935_img_1,1
928,936_img_0,936_img_1,1
929,937_img_0,937_img_1,1
930,938_img_0,938_img_1,1
931,939_img_0,939_img_1,1
932,940_img_0,940_img_1,1
933,941_img_0,941_img_1,1
934,942_img_0,942_img_1,1
935,943_img_0,943_img_1,1
936,944_img_0,944_img_1,1
937,945_img_0,945_img_1,1
938,946_img_0,946_img_1,1
939,947_img_0,947_img_1,1
940,948_img_0,948_img_1,1
941,949_img_0,949_img_1,1
942,950_img_0,950_img_1,1
943,951_img_0,951_img_1,1
944,952_img_0,952_img_1,1
945,953_img_0,953_img_1,1
946,954_img_0,954_img_1,1
947,955_img_0,955_img_1,1
948,956_img_0,956_img_1,1
949,957_img_0,957_img_1,1
950,958_img_0,958_img_1,1
951,959_img_0,959_img_1,1
952,960_img_0,960_img_1,1
953,961_img_0,961_img_1,1
954,962_img_0,962_img_1,1
955,963_img_0,963_img_1,1
956,964_img_0,964_img_1,1
957,965_img_0,965_img_1,1
958,966_img_0,966_img_1,1
959,967_img_0,967_img_1,1
960,968_img_0,968_img_1,1
961,969_img_0,969_img_1,1
962,970_img_0,970_img_1,1
963,971_img_0,971_img_1,1
964,972_img_0,972_img_1,1
965,973_img_0,973_img_1,1
966,974_img_0,974_img_1,1
967,975_img_0,975_img_1,1
968,976_img_0,976_img_1,1
969,977_img_0,977_img_1,1
970,978_img_0,978_img_1,1
971,979_img_0,979_img_1,1
972,980_img_0,980_img_1,1
973,981_img_0,981_img_1,1
974,982_img_0,982_img_1,1
975,983_img_0,983_img_1,1
976,984_img_0,984_img_1,1
977,985_img_0,985_img_1,1
978,986_img_0,986_img_1,1
979,987_img_0,987_img_1,1
980,988_img_0,988_img_1,1
981,989_img_0,989_img_1,1
982,990_img_0,990_img_1,1
983,991_img_0,991_img_1,1
984,992_img_0,992_img_1,1
985,993_img_0,993_img_1,1
986,994_img_0,994_img_1,1
987,995_img_0,995_img_1,1
988,996_img_0,996_img_1,1
989,997_img_0,997_img_1,1
990,998_img_0,998_img_1,1
991,999_img_0,999_img_1,1
992,1000_img_0,1000_img_1,1
993,1001_img_0,1001_img_1,1
994,1002_img_0,1002_img_1,1
995,1003_img_0,1003_img_1,1
996,1004_img_0,1004_img_1,1
997,1005_img_0,1005_img_1,1
998,1006_img_0,1006_img_1,1
999,1007_img_0,1007_img_1,1
1000,1008_img_0,1008_img_1,1
1001,1009_img_0,1009_img_1,1
1002,1010_img_0,1010_img_1,1
1003,1011_img_0,1011_img_1,1
1004,1012_img_0,1012_img_1,1
1005,1013_img_0,1013_img_1,1
1006,1014_img_0,1014_img_1,1
1007,1015_img_0,1015_img_1,1
1008,1016_img_0,1016_img_1,1
1009,1017_img_0,1017_img_1,1
1010,1018_img_0,1018_img_1,1
1011,1019_img_0,1019_img_1,1
1012,1020_img_0,1020_img_1,1
1013,1021_img_0,1021_img_1,1
1014,1022_img_0,1022_img_1,1
1015,1023_img_0,1023_img_1,1
1016,1024_img_0,1024_img_1,1
1017,1025_img_0,1025_img_1,1
1018,1026_img_0,1026_img_1,1
1019,1027_img_0,1027_img_1,1
1020,1028_img_0,1028_img_1,1
1021,1029_img_0,1029_img_1,1
1022,1030_img_0,1030_img_1,1
1023,1031_img_0,1031_img_1,1
1024,1032_img_0,1032_img_1,1
1025,1033_img_0,1033_img_1,1
1026,1034_img_0,1034_img_1,1
1027,1035_img_0,1035_img_1,1
1028,1036_img_0,1036_img_1,1
1029,1037_img_0,1037_img_1,1
1030,1038_img_0,1038_img_1,1
1031,1039_img_0,1039_img_1,1
1032,1040_img_0,1040_img_1,1
1033,1041_img_0,1041_img_1,1
1034,1042_img_0,1042_img_1,1
1035,1043_img_0,1043_img_1,1
1036,1044_img_0,1044_img_1,1
1037,1045_img_0,1045_img_1,1
1038,1046_img_0,1046_img_1,1
1039,1047_img_0,1047_img_1,1
1040,1048_img_0,1048_img_1,1
1041,1049_img_0,1049_img_1,1
1042,1050_img_0,1050_img_1,1
1043,1051_img_0,1051_img_1,1
1044,1052_img_0,1052_img_1,1
1045,1053_img_0,1053_img_1,1
1046,1054_img_0,1054_img_1,1
1047,1055_img_0,1055_img_1,1
1048,1056_img_0,1056_img_1,1
1049,1057_img_0,1057_img_1,1
1050,1058_img_0,1058_img_1,1
1051,1059_img_0,1059_img_1,1
1052,1060_img_0,1060_img_1,1
1053,1061_img_0,1061_img_1,1
1054,1062_img_0,1062_img_1,1
1055,1063_img_0,1063_img_1,1
1056,1064_img_0,1064_img_1,1
1057,1065_img_0,1065_img_1,1
1058,1066_img_0,1066_img_1,1
1059,1067_img_0,1067_img_1,1
1060,1068_img_0,1068_img_1,1
1061,1069_img_0,1069_img_1,1
1062,1070_img_0,1070_img_1,1
1063,1071_img_0,1071_img_1,1
1064,1072_img_0,1072_img_1,1
1065,1073_img_0,1073_img_1,1
1066,1074_img_0,1074_img_1,1
1067,1075_img_0,1075_img_1,1
1068,1076_img_0,1076_img_1,1
1069,1077_img_0,1077_img_1,1
1070,1078_img_0,1078_img_1,1
1071,1079_img_0,1079_img_1,1
1072,1080_img_0,1080_img_1,1
1073,1081_img_0,1081_img_1,1
1074,1082_img_0,1082_img_1,1
1075,1083_img_0,1083_img_1,1
1076,1084_img_0,1084_img_1,1
1077,1085_img_0,1085_img_1,1
1078,1086_img_0,1086_img_1,1
1079,1087_img_0,1087_img_1,1
1080,1088_img_0,1088_img_1,1
1081,1089_img_0,1089_img_1,1
1082,1090_img_0,1090_img_1,1
1083,1091_img_0,1091_img_1,1
1084,1092_img_0,1092_img_1,1
1085,1093_img_0,1093_img_1,1
1086,1094_img_0,1094_img_1,1
1087,1095_img_0,1095_img_1,1
1088,1096_img_0,1096_img_1,1
1089,1097_img_0,1097_img_1,1
1090,1098_img_0,1098_img_1,1
1091,1099_img_0,1099_img_1,1
1092,1100_img_0,1100_img_1,1
1093,1101_img_0,1101_img_1,1
1094,1102_img_0,1102_img_1,1
1095,1103_img_0,1103_img_1,1
1096,1104_img_0,1104_img_1,1
1097,1105_img_0,1105_img_1,1
1098,1106_img_0,1106_img_1,1
1099,1107_img_0,1107_img_1,1
1100,1108_img_0,1108_img_1,1
1101,1109_img_0,1109_img_1,1
1102,1110_img_0,1110_img_1,1
1103,1111_img_0,1111_img_1,1
1104,1112_img_0,1112_img_1,1
1105,1113_img_0,1113_img_1,1
1106,1114_img_0,1114_img_1,1
1107,1115_img_0,1115_img_1,1
1108,1116_img_0,1116_img_1,1
1109,1117_img_0,1117_img_1,1
1110,1118_img_0,1118_img_1,1
1111,1119_img_0,1119_img_1,1
1112,1120_img_0,1120_img_1,1
1113,1121_img_0,1121_img_1,1
1114,1122_img_0,1122_img_1,1
1115,1123_img_0,1123_img_1,1
1116,1124_img_0,1124_img_1,1
1117,1125_img_0,1125_img_1,1
1118,1126_img_0,1126_img_1,1
1119,1127_img_0,1127_img_1,1
1120,1128_img_0,1128_img_1,1
1121,1129_img_0,1129_img_1,1
1122,1130_img_0,1130_img_1,1
1123,1131_img_0,1131_img_1,1
1124,1132_img_0,1132_img_1,1
1125,1133_img_0,1133_img_1,1
1126,1134_img_0,1134_img_1,1
1127,1135_img_0,1135_img_1,1
1128,1136_img_0,1136_img_1,1
1129,1137_img_0,1137_img_1,1
1130,1138_img_0,1138_img_1,1
1131,1139_img_0,1139_img_1,1
1132,1140_img_0,1140_img_1,1
1133,1141_img_0,1141_img_1,1
1134,1142_img_0,1142_img_1,1
1135,1143_img_0,1143_img_1,1
1136,1144_img_0,1144_img_1,1
1137,1145_img_0,1145_img_1,1
1138,1146_img_0,1146_img_1,1
1139,1147_img_0,1147_img_1,1
1140,1148_img_0,1148_img_1,1
1141,1149_img_0,1149_img_1,1
1142,1150_img_0,1150_img_1,1
1143,1151_img_0,1151_img_1,1
1144,1152_img_0,1152_img_1,1
1145,1153_img_0,1153_img_1,1
1146,1154_img_0,1154_img_1,1
1147,1155_img_0,1155_img_1,1
1148,1156_img_0,1156_img_1,1
1149,1157_img_0,1157_img_1,1
1150,1158_img_0,1158_img_1,1
1151,1159_img_0,1159_img_1,1
1152,1160_img_0,1160_img_1,1
1153,1161_img_0,1161_img_1,1
1154,1162_img_0,1162_img_1,1
1155,1163_img_0,1163_img_1,1
1156,1164_img_0,1164_img_1,1
1157,1165_img_0,1165_img_1,1
1158,1166_img_0,1166_img_1,1
1159,1167_img_0,1167_img_1,1
1160,1168_img_0,1168_img_1,1
1161,1169_img_0,1169_img_1,1
1162,1170_img_0,1170_img_1,1
1163,1171_img_0,1171_img_1,1
1164,1172_img_0,1172_img_1,1
1165,1173_img_0,1173_img_1,1
1166,1174_img_0,1174_img_1,1
1167,1175_img_0,1175_img_1,1
1168,1176_img_0,1176_img_1,1
1169,1177_img_0,1177_img_1,1
1170,1178_img_0,1178_img_1,1
1171,1179_img_0,1179_img_1,1
1172,1180_img_0,1180_img_1,1
1173,1181_img_0,1181_img_1,1
1174,1182_img_0,1182_img_1,1
1175,1183_img_0,1183_img_1,1
1176,1184_img_0,1184_img_1,1
1177,1185_img_0,1185_img_1,1
1178,1186_img_0,1186_img_1,1
1179,1187_img_0,1187_img_1,1
1180,1188_img_0,1188_img_1,1
1181,1189_img_0,1189_img_1,1
1182,1190_img_0,1190_img_1,1
1183,1191_img_0,1191_img_1,1
1184,1192_img_0,1192_img_1,1
1185,1193_img_0,1193_img_1,1
1186,1194_img_0,1194_img_1,1
1187,1195_img_0,1195_img_1,1
1188,1196_img_0,1196_img_1,1
1189,1197_img_0,1197_img_1,1
1190,1198_img_0,1198_img_1,1
1191,1199_img_0,1199_img_1,1
1192,1200_img_0,1200_img_1,1
1193,1201_img_0,1201_img_1,1
1194,1202_img_0,1202_img_1,1
1195,1203_img_0,1203_img_1,1
1196,1204_img_0,1204_img_1,1
1197,1205_img_0,1205_img_1,1
1198,1206_img_0,1206_img_1,1
1199,1207_img_0,1207_img_1,1
1200,1208_img_0,1208_img_1,1
1201,1209_img_0,1209_img_1,1
1202,1210_img_0,1210_img_1,1
1203,1211_img_0,1211_img_1,1
1204,1212_img_0,1212_img_1,1
1205,1213_img_0,1213_img_1,1
1206,1214_img_0,1214_img_1,1
1207,1215_img_0,1215_img_1,1
1208,1216_img_0,1216_img_1,1
1209,1217_img_0,1217_img_1,1
1210,1218_img_0,1218_img_1,1
1211,1219_img_0,1219_img_1,1
1212,1220_img_0,1220_img_1,1
1213,1221_img_0,1221_img_1,1
1214,1222_img_0,1222_img_1,1
1215,1223_img_0,1223_img_1,1
1216,1224_img_0,1224_img_1,1
1217,1225_img_0,1225_img_1,1
1218,1226_img_0,1226_img_1,1
1219,1227_img_0,1227_img_1,1
1220,1228_img_0,1228_img_1,1
1221,1229_img_0,1229_img_1,1
1222,1230_img_0,1230_img_1,1
1223,1231_img_0,1231_img_1,1
1224,1232_img_0,1232_img_1,1
1225,1233_img_0,1233_img_1,1
1226,1234_img_0,1234_img_1,1
1227,1235_img_0,1235_img_1,1
1228,1236_img_0,1236_img_1,1
1229,1237_img_0,1237_img_1,1
1230,1238_img_0,1238_img_1,1
1231,1239_img_0,1239_img_1,1
1232,1240_img_0,1240_img_1,1
1233,1241_img_0,1241_img_1,1
1234,1242_img_0,1242_img_1,1
1235,1243_img_0,1243_img_1,1
1236,1244_img_0,1244_img_1,1
1237,1245_img_0,1245_img_1,1
1238,1246_img_0,1246_img_1,1
1239,1247_img_0,1247_img_1,1
1240,1248_img_0,1248_img_1,1
1241,1249_img_0,1249_img_1,1
1242,1250_img_0,1250_img_1,1
1243,1251_img_0,1251_img_1,1
1244,1252_img_0,1252_img_1,1
1245,1253_img_0,1253_img_1,1
1246,1254_img_0,1254_img_1,1
1247,1255_img_0,1255_img_1,1
1248,1256_img_0,1256_img_1,1
1249,1257_img_0,1257_img_1,1
1250,1258_img_0,1258_img_1,1
1251,1259_img_0,1259_img_1,1
1252,1260_img_0,1260_img_1,1
1253,1261_img_0,1261_img_1,1
1254,1262_img_0,1262_img_1,1
1255,1263_img_0,1263_img_1,1
1256,1264_img_0,1264_img_1,1
1257,1265_img_0,1265_img_1,1
1258,1266_img_0,1266_img_1,1
1259,1267_img_0,1267_img_1,1
1260,1268_img_0,1268_img_1,1
1261,1269_img_0,1269_img_1,1
1262,1270_img_0,1270_img_1,1
1263,1271_img_0,1271_img_1,1
1264,1272_img_0,1272_img_1,1
1265,1273_img_0,1273_img_1,1
1266,1274_img_0,1274_img_1,1
1267,1275_img_0,1275_img_1,1
1268,1276_img_0,1276_img_1,1
1269,1277_img_0,1277_img_1,1
1270,1278_img_0,1278_img_1,1
1271,1279_img_0,1279_img_1,1
1272,1280_img_0,1280_img_1,1
1273,1281_img_0,1281_img_1,1
1274,1282_img_0,1282_img_1,1
1275,1283_img_0,1283_img_1,1
1276,1284_img_0,1284_img_1,1
1277,1285_img_0,1285_img_1,1
1278,1286_img_0,1286_img_1,1
1279,1287_img_0,1287_img_1,1
1280,1288_img_0,1288_img_1,1
1281,1289_img_0,1289_img_1,1
1282,1290_img_0,1290_img_1,1
1283,1291_img_0,1291_img_1,1
1284,1292_img_0,1292_img_1,1
1285,1293_img_0,1293_img_1,1
1286,1294_img_0,1294_img_1,1
1287,1295_img_0,1295_img_1,1
1288,1296_img_0,1296_img_1,1
1289,1297_img_0,1297_img_1,1
1290,1298_img_0,1298_img_1,1
1291,1299_img_0,1299_img_1,1
1292,1300_img_0,1300_img_1,1
1293,1301_img_0,1301_img_1,1
1294,1302_img_0,1302_img_1,1
1295,1303_img_0,1303_img_1,1
1296,1304_img_0,1304_img_1,1
1297,1305_img_0,1305_img_1,1
1298,1306_img_0,1306_img_1,1
1299,1307_img_0,1307_img_1,1
1300,1308_img_0,1308_img_1,1
1301,1309_img_0,1309_img_1,1
1302,1310_img_0,1310_img_1,1
1303,1311_img_0,1311_img_1,1
1304,1312_img_0,1312_img_1,1
1305,1313_img_0,1313_img_1,1
1306,1314_img_0,1314_img_1,1
1307,1315_img_0,1315_img_1,1
1308,1316_img_0,1316_img_1,1
1309,1317_img_0,1317_img_1,1
1310,1318_img_0,1318_img_1,1
1311,1319_img_0,1319_img_1,1
1312,1320_img_0,1320_img_1,1
1313,1321_img_0,1321_img_1,1
1314,1322_img_0,1322_img_1,1
1315,1323_img_0,1323_img_1,1
1316,1324_img_0,1324_img_1,1
1317,1325_img_0,1325_img_1,1
1318,1326_img_0,1326_img_1,1
1319,1327_img_0,1327_img_1,1
1320,1328_img_0,1328_img_1,1
1321,1329_img_0,1329_img_1,1
1322,1330_img_0,1330_img_1,1
1323,1331_img_0,1331_img_1,1
1324,1332_img_0,1332_img_1,1
1325,1333_img_0,1333_img_1,1
1326,1334_img_0,1334_img_1,1
1327,1335_img_0,1335_img_1,1
1328,1336_img_0,1336_img_1,1
1329,1337_img_0,1337_img_1,1
1330,1338_img_0,1338_img_1,1
1331,1339_img_0,1339_img_1,1
1332,1340_img_0,1340_img_1,1
1333,1341_img_0,1341_img_1,1
1334,1342_img_0,1342_img_1,1
1335,1343_img_0,1343_img_1,1
1336,1344_img_0,1344_img_1,1
1337,1345_img_0,1345_img_1,1
1338,1346_img_0,1346_img_1,1
1339,1347_img_0,1347_img_1,1
1340,1348_img_0,1348_img_1,1
1341,1349_img_0,1349_img_1,1
1342,1350_img_0,1350_img_1,1
1343,1351_img_0,1351_img_1,1
1344,1352_img_0,1352_img_1,1
1345,1353_img_0,1353_img_1,1
1346,1354_img_0,1354_img_1,1
1347,1355_img_0,1355_img_1,1
1348,1356_img_0,1356_img_1,1
1349,1357_img_0,1357_img_1,1
1350,1358_img_0,1358_img_1,1
1351,1359_img_0,1359_img_1,1
1352,1360_img_0,1360_img_1,1
1353,1361_img_0,1361_img_1,1
1354,1362_img_0,1362_img_1,1
1355,1363_img_0,1363_img_1,1
1356,1364_img_0,1364_img_1,1
1357,1365_img_0,1365_img_1,1
1358,1366_img_0,1366_img_1,1
1359,1367_img_0,1367_img_1,1
1360,1368_img_0,1368_img_1,1
1361,1369_img_0,1369_img_1,1
1362,1370_img_0,1370_img_1,1
1363,1371_img_0,1371_img_1,1
1364,1372_img_0,1372_img_1,1
1365,1373_img_0,1373_img_1,1
1366,1374_img_0,1374_img_1,1
1367,1375_img_0,1375_img_1,1
1368,1376_img_0,1376_img_1,1
1369,1377_img_0,1377_img_1,1
1370,1378_img_0,1378_img_1,1
1371,1379_img_0,1379_img_1,1
1372,1380_img_0,1380_img_1,1
1373,1381_img_0,1381_img_1,1
1374,1382_img_0,1382_img_1,1
1375,1383_img_0,1383_img_1,1
1376,1384_img_0,1384_img_1,1
1377,1385_img_0,1385_img_1,1
1378,1386_img_0,1386_img_1,1
1379,1387_img_0,1387_img_1,1
1380,1388_img_0,1388_img_1,1
1381,1389_img_0,1389_img_1,1
1382,1390_img_0,1390_img_1,1
1383,1391_img_0,1391_img_1,1
1384,1392_img_0,1392_img_1,1
1385,1393_img_0,1393_img_1,1
1386,1394_img_0,1394_img_1,1
1387,1395_img_0,1395_img_1,1
1388,1396_img_0,1396_img_1,1
1389,1397_img_0,1397_img_1,1
1390,1398_img_0,1398_img_1,1
1391,1399_img_0,1399_img_1,1
1392,1400_img_0,1400_img_1,1
1393,1401_img_0,1401_img_1,1
1394,1402_img_0,1402_img_1,1
1395,1403_img_0,1403_img_1,1
1396,1404_img_0,1404_img_1,1
1397,1405_img_0,1405_img_1,1
1398,1406_img_0,1406_img_1,1
1399,1407_img_0,1407_img_1,1
1400,1408_img_0,1408_img_1,1
1401,1409_img_0,1409_img_1,1
1402,1410_img_0,1410_img_1,1
1403,1411_img_0,1411_img_1,1
1404,1412_img_0,1412_img_1,1
1405,1413_img_0,1413_img_1,1
1406,1414_img_0,1414_img_1,1
1407,1415_img_0,1415_img_1,1
1408,1416_img_0,1416_img_1,1
1409,1417_img_0,1417_img_1,1
1410,1418_img_0,1418_img_1,1
1411,1419_img_0,1419_img_1,1
1412,1420_img_0,1420_img_1,1
1413,1421_img_0,1421_img_1,1
1414,1422_img_0,1422_img_1,1
1415,1423_img_0,1423_img_1,1
1416,1424_img_0,1424_img_1,1
1417,1425_img_0,1425_img_1,1
1418,1426_img_0,1426_img_1,1
1419,1427_img_0,1427_img_1,1
1420,1428_img_0,1428_img_1,1
1421,1429_img_0,1429_img_1,1
1422,1430_img_0,1430_img_1,1
1423,1431_img_0,1431_img_1,1
1424,1432_img_0,1432_img_1,1
1425,1433_img_0,1433_img_1,1
1426,1434_img_0,1434_img_1,1
1427,1435_img_0,1435_img_1,1
1428,1436_img_0,1436_img_1,1
1429,1437_img_0,1437_img_1,1
1430,1438_img_0,1438_img_1,1
1431,1439_img_0,1439_img_1,1
1432,1440_img_0,1440_img_1,1
1433,1441_img_0,1441_img_1,1
1434,1442_img_0,1442_img_1,1
1435,1443_img_0,1443_img_1,1
1436,1444_img_0,1444_img_1,1
1437,1445_img_0,1445_img_1,1
1438,1446_img_0,1446_img_1,1
1439,1447_img_0,1447_img_1,1
1440,1448_img_0,1448_img_1,1
1441,1449_img_0,1449_img_1,1
1442,1450_img_0,1450_img_1,1
1443,1451_img_0,1451_img_1,1
1444,1452_img_0,1452_img_1,1
1445,1453_img_0,1453_img_1,1
1446,1454_img_0,1454_img_1,1
1447,1455_img_0,1455_img_1,1
1448,1456_img_0,1456_img_1,1
1449,1457_img_0,1457_img_1,1
1450,1458_img_0,1458_img_1,1
1451,1459_img_0,1459_img_1,1
1452,1460_img_0,1460_img_1,1
1453,1461_img_0,1461_img_1,1
1454,1462_img_0,1462_img_1,1
1455,1463_img_0,1463_img_1,1
1456,1464_img_0,1464_img_1,1
1457,1465_img_0,1465_img_1,1
1458,1466_img_0,1466_img_1,1
1459,1467_img_0,1467_img_1,1
1460,1468_img_0,1468_img_1,1
1461,1469_img_0,1469_img_1,1
1462,1470_img_0,1470_img_1,1
1463,1471_img_0,1471_img_1,1
1464,1472_img_0,1472_img_1,1
1465,1473_img_0,1473_img_1,1
1466,1474_img_0,1474_img_1,1
1467,1475_img_0,1475_img_1,1
1468,1476_img_0,1476_img_1,1
1469,1477_img_0,1477_img_1,1
1470,1478_img_0,1478_img_1,1
1471,1479_img_0,1479_img_1,1
1472,1480_img_0,1480_img_1,1
1473,1481_img_0,1481_img_1,1
1474,1482_img_0,1482_img_1,1
1475,1483_img_0,1483_img_1,1
1476,1484_img_0,1484_img_1,1
1477,1485_img_0,1485_img_1,1
1478,1486_img_0,1486_img_1,1
1479,1487_img_0,1487_img_1,1
1480,1488_img_0,1488_img_1,1
1481,1489_img_0,1489_img_1,1
1482,1490_img_0,1490_img_1,1
1483,1491_img_0,1491_img_1,1
1484,1492_img_0,1492_img_1,1
1485,1493_img_0,1493_img_1,1
1486,1494_img_0,1494_img_1,1
1487,1495_img_0,1495_img_1,1
1488,1496_img_0,1496_img_1,1
1489,1497_img_0,1497_img_1,1
1490,1498_img_0,1498_img_1,1
1491,1499_img_0,1499_img_1,1
1492,1500_img_0,1500_img_1,1
1493,1501_img_0,1501_img_1,1
1494,1502_img_0,1502_img_1,1
1495,1503_img_0,1503_img_1,1
1496,1504_img_0,1504_img_1,1
1497,1505_img_0,1505_img_1,1
1498,1506_img_0,1506_img_1,1
1499,1507_img_0,1507_img_1,1
1500,1508_img_0,1508_img_1,1
1501,1509_img_0,1509_img_1,1
1502,1510_img_0,1510_img_1,1
1503,1511_img_0,1511_img_1,1
1504,1512_img_0,1512_img_1,1
1505,1513_img_0,1513_img_1,1
1506,1514_img_0,1514_img_1,1
1507,1515_img_0,1515_img_1,1
1508,1516_img_0,1516_img_1,1
1509,1517_img_0,1517_img_1,1
1510,1518_img_0,1518_img_1,1
1511,1519_img_0,1519_img_1,1
1512,1520_img_0,1520_img_1,1
1513,1521_img_0,1521_img_1,1
1514,1522_img_0,1522_img_1,1
1515,1523_img_0,1523_img_1,1
1516,1524_img_0,1524_img_1,1
1517,1525_img_0,1525_img_1,1
1518,1526_img_0,1526_img_1,1
1519,1527_img_0,1527_img_1,1
1520,1528_img_0,1528_img_1,1
1521,1529_img_0,1529_img_1,1
1522,1530_img_0,1530_img_1,1
1523,1531_img_0,1531_img_1,1
1524,1532_img_0,1532_img_1,1
1525,1533_img_0,1533_img_1,1
1526,1534_img_0,1534_img_1,1
1527,1535_img_0,1535_img_1,1
1528,1536_img_0,1536_img_1,1
1529,1537_img_0,1537_img_1,1
1530,1538_img_0,1538_img_1,1
1531,1539_img_0,1539_img_1,1
1532,1540_img_0,1540_img_1,1
1533,1541_img_0,1541_img_1,1
1534,1542_img_0,1542_img_1,1
1535,1543_img_0,1543_img_1,1
1536,1544_img_0,1544_img_1,1
1537,1545_img_0,1545_img_1,1
1538,1546_img_0,1546_img_1,1
1539,1547_img_0,1547_img_1,1
1540,1548_img_0,1548_img_1,1
1541,1549_img_0,1549_img_1,1
1542,1550_img_0,1550_img_1,1
1543,1551_img_0,1551_img_1,1
1544,1552_img_0,1552_img_1,1
1545,1553_img_0,1553_img_1,1
1546,1554_img_0,1554_img_1,1
1547,1555_img_0,1555_img_1,1
1548,1556_img_0,1556_img_1,1
1549,1557_img_0,1557_img_1,1
1550,1558_img_0,1558_img_1,1
1551,1559_img_0,1559_img_1,1
1552,1560_img_0,1560_img_1,1
1553,1561_img_0,1561_img_1,1
1554,1562_img_0,1562_img_1,1
1555,1563_img_0,1563_img_1,1
1556,1564_img_0,1564_img_1,1
1557,1565_img_0,1565_img_1,1
1558,1566_img_0,1566_img_1,1
1559,1567_img_0,1567_img_1,1
1560,1568_img_0,1568_img_1,1
1561,1569_img_0,1569_img_1,1
1562,1570_img_0,1570_img_1,1
1563,1571_img_0,1571_img_1,1
1564,1572_img_0,1572_img_1,1
1565,1573_img_0,1573_img_1,1
1566,1574_img_0,1574_img_1,1
1567,1575_img_0,1575_img_1,1
1568,1576_img_0,1576_img_1,1
1569,1577_img_0,1577_img_1,1
1570,1578_img_0,1578_img_1,1
1571,1579_img_0,1579_img_1,1
1572,1580_img_0,1580_img_1,1
1573,1581_img_0,1581_img_1,1
1574,1582_img_0,1582_img_1,1
1575,1583_img_0,1583_img_1,1
1576,1584_img_0,1584_img_1,1
1577,1585_img_0,1585_img_1,1
1578,1586_img_0,1586_img_1,1
1579,1587_img_0,1587_img_1,1
1580,1588_img_0,1588_img_1,1
1581,1589_img_0,1589_img_1,1
1582,1590_img_0,1590_img_1,1
1583,1591_img_0,1591_img_1,1
1584,1592_img_0,1592_img_1,1
1585,1593_img_0,1593_img_1,1
1586,1594_img_0,1594_img_1,1
1587,1595_img_0,1595_img_1,1
1588,1596_img_0,1596_img_1,1
1589,1597_img_0,1597_img_1,1
1590,1598_img_0,1598_img_1,1
1591,1599_img_0,1599_img_1,1
1592,1600_img_0,1600_img_1,1
1593,1601_img_0,1601_img_1,1
1594,1602_img_0,1602_img_1,1
1595,1603_img_0,1603_img_1,1
1596,1604_img_0,1604_img_1,1
1597,1605_img_0,1605_img_1,1
1598,1606_img_0,1606_img_1,1
1599,1607_img_0,1607_img_1,1
1600,1608_img_0,1608_img_1,1
1601,1609_img_0,1609_img_1,1
1602,1610_img_0,1610_img_1,1
1603,1611_img_0,1611_img_1,1
1604,1612_img_0,1612_img_1,1
1605,1613_img_0,1613_img_1,1
1606,1614_img_0,1614_img_1,1
1607,1615_img_0,1615_img_1,1
1608,1616_img_0,1616_img_1,1
1609,1617_img_0,1617_img_1,1
1610,1618_img_0,1618_img_1,1
1611,1619_img_0,1619_img_1,1
1612,1620_img_0,1620_img_1,1
1613,1621_img_0,1621_img_1,1
1614,1622_img_0,1622_img_1,1
1615,1623_img_0,1623_img_1,1
1616,1624_img_0,1624_img_1,1
1617,1625_img_0,1625_img_1,1
1618,1626_img_0,1626_img_1,1
1619,1627_img_0,1627_img_1,1
1620,1628_img_0,1628_img_1,1
1621,1629_img_0,1629_img_1,1
1622,1630_img_0,1630_img_1,1
1623,1631_img_0,1631_img_1,1
1624,1632_img_0,1632_img_1,1
1625,1633_img_0,1633_img_1,1
1626,1634_img_0,1634_img_1,1
1627,1635_img_0,1635_img_1,1
1628,1636_img_0,1636_img_1,1
1629,1637_img_0,1637_img_1,1
1630,1638_img_0,1638_img_1,1
1631,1639_img_0,1639_img_1,1
1632,1640_img_0,1640_img_1,1
1633,1641_img_0,1641_img_1,1
1634,1642_img_0,1642_img_1,1
1635,1643_img_0,1643_img_1,1
1636,1644_img_0,1644_img_1,1
1637,1645_img_0,1645_img_1,1
1638,1646_img_0,1646_img_1,1
1639,1647_img_0,1647_img_1,1
1640,1648_img_0,1648_img_1,1
1641,1649_img_0,1649_img_1,1
1642,1650_img_0,1650_img_1,1
1643,1651_img_0,1651_img_1,1
1644,1652_img_0,1652_img_1,1
1645,1653_img_0,1653_img_1,1
1646,1654_img_0,1654_img_1,1
1647,1655_img_0,1655_img_1,1
1648,1656_img_0,1656_img_1,1
1649,1657_img_0,1657_img_1,1
1650,1658_img_0,1658_img_1,1
1651,1659_img_0,1659_img_1,1
1652,1660_img_0,1660_img_1,1
1653,1661_img_0,1661_img_1,1
1654,1662_img_0,1662_img_1,1
1655,1663_img_0,1663_img_1,1
1656,1664_img_0,1664_img_1,1
1657,1665_img_0,1665_img_1,1
1658,1666_img_0,1666_img_1,1
1659,1667_img_0,1667_img_1,1
1660,1668_img_0,1668_img_1,1
1661,1669_img_0,1669_img_1,1
1662,1670_img_0,1670_img_1,1
1663,1671_img_0,1671_img_1,1
1664,1672_img_0,1672_img_1,1
1665,1673_img_0,1673_img_1,1
1666,1674_img_0,1674_img_1,1
1667,1675_img_0,1675_img_1,1
1668,1676_img_0,1676_img_1,1
1669,1677_img_0,1677_img_1,1
1670,1678_img_0,1678_img_1,1
1671,1679_img_0,1679_img_1,1
1672,1680_img_0,1680_img_1,1
1673,1681_img_0,1681_img_1,1
1674,1682_img_0,1682_img_1,1
1675,1683_img_0,1683_img_1,1
1676,1684_img_0,1684_img_1,1
1677,1685_img_0,1685_img_1,1
1678,1686_img_0,1686_img_1,1
1679,1687_img_0,1687_img_1,1
1680,1688_img_0,1688_img_1,1
1681,1689_img_0,1689_img_1,1
1682,1690_img_0,1690_img_1,1
1683,1691_img_0,1691_img_1,1
1684,1692_img_0,1692_img_1,1
1685,1693_img_0,1693_img_1,1
1686,1694_img_0,1694_img_1,1
1687,1695_img_0,1695_img_1,1
1688,1696_img_0,1696_img_1,1
1689,1697_img_0,1697_img_1,1
1690,1698_img_0,1698_img_1,1
1691,1699_img_0,1699_img_1,1
1692,1700_img_0,1700_img_1,1
1693,1701_img_0,1701_img_1,1
1694,1702_img_0,1702_img_1,1
1695,1703_img_0,1703_img_1,1
1696,1704_img_0,1704_img_1,1
1697,1705_img_0,1705_img_1,1
1698,1706_img_0,1706_img_1,1
1699,1707_img_0,1707_img_1,1
1700,1708_img_0,1708_img_1,1
1701,1709_img_0,1709_img_1,1
1702,1710_img_0,1710_img_1,1
1703,1711_img_0,1711_img_1,1
1704,1712_img_0,1712_img_1,1
1705,1713_img_0,1713_img_1,1
1706,1714_img_0,1714_img_1,1
1707,1715_img_0,1715_img_1,1
1708,1716_img_0,1716_img_1,1
1709,1717_img_0,1717_img_1,1
1710,1718_img_0,1718_img_1,1
1711,1719_img_0,1719_img_1,1
1712,1720_img_0,1720_img_1,1
1713,1721_img_0,1721_img_1,1
1714,1722_img_0,1722_img_1,1
1715,1723_img_0,1723_img_1,1
1716,1724_img_0,1724_img_1,1
1717,1725_img_0,1725_img_1,1
1718,1726_img_0,1726_img_1,1
1719,1727_img_0,1727_img_1,1
1720,1728_img_0,1728_img_1,1
1721,1729_img_0,1729_img_1,1
1722,1730_img_0,1730_img_1,1
1723,1731_img_0,1731_img_1,1
1724,1732_img_0,1732_img_1,1
1725,1733_img_0,1733_img_1,1
1726,1734_img_0,1734_img_1,1
1727,1735_img_0,1735_img_1,1
1728,1736_img_0,1736_img_1,1
1729,1737_img_0,1737_img_1,1
1730,1738_img_0,1738_img_1,1
1731,1739_img_0,1739_img_1,1
1732,1740_img_0,1740_img_1,1
1733,1741_img_0,1741_img_1,1
1734,1742_img_0,1742_img_1,1
1735,1743_img_0,1743_img_1,1
1736,1744_img_0,1744_img_1,1
1737,1745_img_0,1745_img_1,1
1738,1746_img_0,1746_img_1,1
1739,1747_img_0,1747_img_1,1
1740,1748_img_0,1748_img_1,1
1741,1749_img_0,1749_img_1,1
1742,1750_img_0,1750_img_1,1
1743,1751_img_0,1751_img_1,1
1744,1752_img_0,1752_img_1,1
1745,1753_img_0,1753_img_1,1
1746,1754_img_0,1754_img_1,1
1747,1755_img_0,1755_img_1,1
1748,1756_img_0,1756_img_1,1
1749,1757_img_0,1757_img_1,1
1750,1758_img_0,1758_img_1,1
1751,1759_img_0,1759_img_1,1
1752,1760_img_0,1760_img_1,1
1753,1761_img_0,1761_img_1,1
1754,1762_img_0,1762_img_1,1
1755,1763_img_0,1763_img_1,1
1756,1764_img_0,1764_img_1,1
1757,1765_img_0,1765_img_1,1
1758,1766_img_0,1766_img_1,1
1759,1767_img_0,1767_img_1,1
1760,1768_img_0,1768_img_1,1
1761,1769_img_0,1769_img_1,1
1762,1770_img_0,1770_img_1,1
1763,1771_img_0,1771_img_1,1
1764,1772_img_0,1772_img_1,1
1765,1773_img_0,1773_img_1,1
1766,1774_img_0,1774_img_1,1
1767,1775_img_0,1775_img_1,1
1768,1776_img_0,1776_img_1,1
1769,1777_img_0,1777_img_1,1
1770,1778_img_0,1778_img_1,1
1771,1779_img_0,1779_img_1,1
1772,1780_img_0,1780_img_1,1
1773,1781_img_0,1781_img_1,1
1774,1782_img_0,1782_img_1,1
1775,1783_img_0,1783_img_1,1
1776,1784_img_0,1784_img_1,1
1777,1785_img_0,1785_img_1,1
1778,1786_img_0,1786_img_1,1
1779,1787_img_0,1787_img_1,1
1780,1788_img_0,1788_img_1,1
1781,1789_img_0,1789_img_1,1
1782,1790_img_0,1790_img_1,1
1783,1791_img_0,1791_img_1,1
1784,1792_img_0,1792_img_1,1
1785,1793_img_0,1793_img_1,1
1786,1794_img_0,1794_img_1,1
1787,1795_img_0,1795_img_1,1
1788,1796_img_0,1796_img_1,1
1789,1797_img_0,1797_img_1,1
1790,1798_img_0,1798_img_1,1
1791,1799_img_0,1799_img_1,1
1792,1800_img_0,1800_img_1,1
1793,1801_img_0,1801_img_1,1
1794,1802_img_0,1802_img_1,1
1795,1803_img_0,1803_img_1,1
1796,1804_img_0,1804_img_1,1
1797,1805_img_0,1805_img_1,1
1798,1806_img_0,1806_img_1,1
1799,1807_img_0,1807_img_1,1
1800,1808_img_0,1808_img_1,1
1801,1809_img_0,1809_img_1,1
1802,1810_img_0,1810_img_1,1
1803,1811_img_0,1811_img_1,1
1804,1812_img_0,1812_img_1,1
1805,1813_img_0,1813_img_1,1
1806,1814_img_0,1814_img_1,1
1807,1815_img_0,1815_img_1,1
1808,1816_img_0,1816_img_1,1
1809,1817_img_0,1817_img_1,1
1810,1818_img_0,1818_img_1,1
1811,1819_img_0,1819_img_1,1
1812,1820_img_0,1820_img_1,1
1813,1821_img_0,1821_img_1,1
1814,1822_img_0,1822_img_1,1
1815,1823_img_0,1823_img_1,1
1816,1824_img_0,1824_img_1,1
1817,1825_img_0,1825_img_1,1
1818,1826_img_0,1826_img_1,1
1819,1827_img_0,1827_img_1,1
1820,1828_img_0,1828_img_1,1
1821,1829_img_0,1829_img_1,1
1822,1830_img_0,1830_img_1,1
1823,1831_img_0,1831_img_1,1
1824,1832_img_0,1832_img_1,1
1825,1833_img_0,1833_img_1,1
1826,1834_img_0,1834_img_1,1
1827,1835_img_0,1835_img_1,1
1828,1836_img_0,1836_img_1,1
1829,1837_img_0,1837_img_1,1
1830,1838_img_0,1838_img_1,1
1831,1839_img_0,1839_img_1,1
1832,1840_img_0,1840_img_1,1
1833,1841_img_0,1841_img_1,1
1834,1842_img_0,1842_img_1,1
1835,1843_img_0,1843_img_1,1
1836,1844_img_0,1844_img_1,1
1837,1845_img_0,1845_img_1,1
1838,1846_img_0,1846_img_1,1
1839,1847_img_0,1847_img_1,1
1840,1848_img_0,1848_img_1,1
1841,1849_img_0,1849_img_1,1
1842,1850_img_0,1850_img_1,1
1843,1851_img_0,1851_img_1,1
1844,1852_img_0,1852_img_1,1
1845,1853_img_0,1853_img_1,1
1846,1854_img_0,1854_img_1,1
1847,1855_img_0,1855_img_1,1
1848,1856_img_0,1856_img_1,1
1849,1857_img_0,1857_img_1,1
1850,1858_img_0,1858_img_1,1
1851,1859_img_0,1859_img_1,1
1852,1860_img_0,1860_img_1,1
1853,1861_img_0,1861_img_1,1
1854,1862_img_0,1862_img_1,1
1855,1863_img_0,1863_img_1,1
1856,1864_img_0,1864_img_1,1
1857,1865_img_0,1865_img_1,1
1858,1866_img_0,1866_img_1,1
1859,1867_img_0,1867_img_1,1
1860,1868_img_0,1868_img_1,1
1861,1869_img_0,1869_img_1,1
1862,1870_img_0,1870_img_1,1
1863,1871_img_0,1871_img_1,1
1864,1872_img_0,1872_img_1,1
1865,1873_img_0,1873_img_1,1
1866,1874_img_0,1874_img_1,1
1867,1875_img_0,1875_img_1,1
1868,1876_img_0,1876_img_1,1
1869,1877_img_0,1877_img_1,1
1870,1878_img_0,1878_img_1,1
1871,1879_img_0,1879_img_1,1
1872,1880_img_0,1880_img_1,1
1873,1881_img_0,1881_img_1,1
1874,1882_img_0,1882_img_1,1
1875,1883_img_0,1883_img_1,1
1876,1884_img_0,1884_img_1,1
1877,1885_img_0,1885_img_1,1
1878,1886_img_0,1886_img_1,1
1879,1887_img_0,1887_img_1,1
1880,1888_img_0,1888_img_1,1
1881,1889_img_0,1889_img_1,1
1882,1890_img_0,1890_img_1,1
1883,1891_img_0,1891_img_1,1
1884,1892_img_0,1892_img_1,1
1885,1893_img_0,1893_img_1,1
1886,1894_img_0,1894_img_1,1
1887,1895_img_0,1895_img_1,1
1888,1896_img_0,1896_img_1,1
1889,1897_img_0,1897_img_1,1
1890,1898_img_0,1898_img_1,1
1891,1899_img_0,1899_img_1,1
1892,1900_img_0,1900_img_1,1
1893,1901_img_0,1901_img_1,1
1894,1902_img_0,1902_img_1,1
1895,1903_img_0,1903_img_1,1
1896,1904_img_0,1904_img_1,1
1897,1905_img_0,1905_img_1,1
1898,1906_img_0,1906_img_1,1
1899,1907_img_0,1907_img_1,1
1900,1908_img_0,1908_img_1,1
1901,1909_img_0,1909_img_1,1
1902,1910_img_0,1910_img_1,1
1903,1911_img_0,1911_img_1,1
1904,1912_img_0,1912_img_1,1
1905,1913_img_0,1913_img_1,1
1906,1914_img_0,1914_img_1,1
1907,1915_img_0,1915_img_1,1
1908,1916_img_0,1916_img_1,1
1909,1917_img_0,1917_img_1,1
1910,1918_img_0,1918_img_1,1
1911,1919_img_0,1919_img_1,1
1912,1920_img_0,1920_img_1,1
1913,1921_img_0,1921_img_1,1
1914,1922_img_0,1922_img_1,1
1915,1923_img_0,1923_img_1,1
1916,1924_img_0,1924_img_1,1
1917,1925_img_0,1925_img_1,1
1918,1926_img_0,1926_img_1,1
1919,1927_img_0,1927_img_1,1
1920,1928_img_0,1928_img_1,1
1921,1929_img_0,1929_img_1,1
1922,1930_img_0,1930_img_1,1
1923,1931_img_0,1931_img_1,1
1924,1932_img_0,1932_img_1,1
1925,1933_img_0,1933_img_1,1
1926,1934_img_0,1934_img_1,1
1927,1935_img_0,1935_img_1,1
1928,1936_img_0,1936_img_1,1
1929,1937_img_0,1937_img_1,1
1930,1938_img_0,1938_img_1,1
1931,1939_img_0,1939_img_1,1
1932,1940_img_0,1940_img_1,1
1933,1941_img_0,1941_img_1,1
1934,1942_img_0,1942_img_1,1
1935,1943_img_0,1943_img_1,1
1936,1944_img_0,1944_img_1,1
1937,1945_img_0,1945_img_1,1
1938,1946_img_0,1946_img_1,1
1939,1947_img_0,1947_img_1,1
1940,1948_img_0,1948_img_1,1
1941,1949_img_0,1949_img_1,1
1942,1950_img_0,1950_img_1,1
1943,1951_img_0,1951_img_1,1
1944,1952_img_0,1952_img_1,1
1945,1953_img_0,1953_img_1,1
1946,1954_img_0,1954_img_1,1
1947,1955_img_0,1955_img_1,1
1948,1956_img_0,1956_img_1,1
1949,1957_img_0,1957_img_1,1
1950,1958_img_0,1958_img_1,1
1951,1959_img_0,1959_img_1,1
1952,1960_img_0,1960_img_1,1
1953,1961_img_0,1961_img_1,1
1954,1962_img_0,1962_img_1,1
1955,1963_img_0,1963_img_1,1
1956,1964_img_0,1964_img_1,1
1957,1965_img_0,1965_img_1,1
1958,1966_img_0,1966_img_1,1
1959,1967_img_0,1967_img_1,1
1960,1968_img_0,1968_img_1,1
1961,1969_img_0,1969_img_1,1
1962,1970_img_0,1970_img_1,1
1963,1971_img_0,1971_img_1,1
1964,1972_img_0,1972_img_1,1
1965,1973_img_0,1973_img_1,1
1966,1974_img_0,1974_img_1,1
1967,1975_img_0,1975_img_1,1
1968,1976_img_0,1976_img_1,1
1969,1977_img_0,1977_img_1,1
1970,1978_img_0,1978_img_1,1
1971,1979_img_0,1979_img_1,1
1972,1980_img_0,1980_img_1,1
1973,1981_img_0,1981_img_1,1
1974,1982_img_0,1982_img_1,1
1975,1983_img_0,1983_img_1,1
1976,1984_img_0,1984_img_1,1
1977,1985_img_0,1985_img_1,1
1978,1986_img_0,1986_img_1,1
1979,1987_img_0,1987_img_1,1
1980,1988_img_0,1988_img_1,1
1981,1989_img_0,1989_img_1,1
1982,1990_img_0,1990_img_1,1
1983,1991_img_0,1991_img_1,1
1984,1992_img_0,1992_img_1,1
1985,1993_img_0,1993_img_1,1
1986,1994_img_0,1994_img_1,1
1987,1995_img_0,1995_img_1,1
1988,1996_img_0,1996_img_1,1
1989,1997_img_0,1997_img_1,1
1990,1998_img_0,1998_img_1,1
1991,1999_img_0,1999_img_1,1
1992,2000_img_0,2000_img_1,1
1993,2001_img_0,2001_img_1,1
1994,2002_img_0,2002_img_1,1
1995,2003_img_0,2003_img_1,1
1996,2004_img_0,2004_img_1,1
1997,2005_img_0,2005_img_1,1
1998,2006_img_0,2006_img_1,1
1999,2007_img_0,2007_img_1,1
2000,2008_img_0,2008_img_1,1
2001,2009_img_0,2009_img_1,1
2002,2010_img_0,2010_img_1,1
2003,2011_img_0,2011_img_1,1
2004,2012_img_0,2012_img_1,1
2005,2013_img_0,2013_img_1,1
2006,2014_img_0,2014_img_1,1
2007,2015_img_0,2015_img_1,1
2008,2016_img_0,2016_img_1,1
2009,2017_img_0,2017_img_1,1
2010,2018_img_0,2018_img_1,1
2011,2019_img_0,2019_img_1,1
2012,2020_img_0,2020_img_1,1
2013,2021_img_0,2021_img_1,1
2014,2022_img_0,2022_img_1,1
2015,2023_img_0,2023_img_1,1
2016,2024_img_0,2024_img_1,1
2017,2025_img_0,2025_img_1,1
2018,2026_img_0,2026_img_1,1
2019,2027_img_0,2027_img_1,1
2020,2028_img_0,2028_img_1,1
2021,2029_img_0,2029_img_1,1
2022,2030_img_0,2030_img_1,1
2023,2031_img_0,2031_img_1,1
2024,2032_img_0,2032_img_1,1
2025,2033_img_0,2033_img_1,1
2026,2034_img_0,2034_img_1,1
2027,2035_img_0,2035_img_1,1
2028,2036_img_0,2036_img_1,1
2029,2037_img_0,2037_img_1,1
2030,2038_img_0,2038_img_1,1
2031,2039_img_0,2039_img_1,1
2032,2040_img_0,2040_img_1,1
2033,2041_img_0,2041_img_1,1
2034,2042_img_0,2042_img_1,1
2035,2043_img_0,2043_img_1,1
2036,2044_img_0,2044_img_1,1
2037,2045_img_0,2045_img_1,1
2038,2046_img_0,2046_img_1,1
2039,2047_img_0,2047_img_1,1
2040,2048_img_0,2048_img_1,1
2041,2049_img_0,2049_img_1,1
2042,2050_img_0,2050_img_1,1
2043,2051_img_0,2051_img_1,1
2044,2052_img_0,2052_img_1,1
2045,2053_img_0,2053_img_1,1
2046,2054_img_0,2054_img_1,1
2047,2055_img_0,2055_img_1,1
2048,2056_img_0,2056_img_1,1
2049,2057_img_0,2057_img_1,1
2050,2058_img_0,2058_img_1,1
2051,2059_img_0,2059_img_1,1
2052,2060_img_0,2060_img_1,1
2053,2061_img_0,2061_img_1,1
2054,2062_img_0,2062_img_1,1
2055,2063_img_0,2063_img_1,1
2056,2064_img_0,2064_img_1,1
2057,2065_img_0,2065_img_1,1
2058,2066_img_0,2066_img_1,1
2059,2067_img_0,2067_img_1,1
2060,2068_img_0,2068_img_1,1
2061,2069_img_0,2069_img_1,1
2062,2070_img_0,2070_img_1,1
2063,2071_img_0,2071_img_1,1
2064,2072_img_0,2072_img_1,1
2065,2073_img_0,2073_img_1,1
2066,2074_img_0,2074_img_1,1
2067,2075_img_0,2075_img_1,1
2068,2076_img_0,2076_img_1,1
2069,2077_img_0,2077_img_1,1
2070,2078_img_0,2078_img_1,1
2071,2079_img_0,2079_img_1,1
2072,2080_img_0,2080_img_1,1
2073,2081_img_0,2081_img_1,1
2074,2082_img_0,2082_img_1,1
2075,2083_img_0,2083_img_1,1
2076,2084_img_0,2084_img_1,1
2077,2085_img_0,2085_img_1,1
2078,2086_img_0,2086_img_1,1
2079,2087_img_0,2087_img_1,1
2080,2088_img_0,2088_img_1,1
2081,2089_img_0,2089_img_1,1
2082,2090_img_0,2090_img_1,1
2083,2091_img_0,2091_img_1,1
2084,2092_img_0,2092_img_1,1
2085,2093_img_0,2093_img_1,1
2086,2094_img_0,2094_img_1,1
2087,2095_img_0,2095_img_1,1
2088,2096_img_0,2096_img_1,1
2089,2097_img_0,2097_img_1,1
2090,2098_img_0,2098_img_1,1
2091,2099_img_0,2099_img_1,1
2092,2100_img_0,2100_img_1,1
2093,2101_img_0,2101_img_1,1
2094,2102_img_0,2102_img_1,1
2095,2103_img_0,2103_img_1,1
2096,2104_img_0,2104_img_1,1
2097,2105_img_0,2105_img_1,1
2098,2106_img_0,2106_img_1,1
2099,2107_img_0,2107_img_1,1
2100,2108_img_0,2108_img_1,1
2101,2109_img_0,2109_img_1,1
2102,2110_img_0,2110_img_1,1
2103,2111_img_0,2111_img_1,1
2104,2112_img_0,2112_img_1,1
2105,2113_img_0,2113_img_1,1
2106,2114_img_0,2114_img_1,1
2107,2115_img_0,2115_img_1,1
2108,2116_img_0,2116_img_1,1
2109,2117_img_0,2117_img_1,1
2110,2118_img_0,2118_img_1,1
2111,2119_img_0,2119_img_1,1
2112,2120_img_0,2120_img_1,1
2113,2121_img_0,2121_img_1,1
2114,2122_img_0,2122_img_1,1
2115,2123_img_0,2123_img_1,1
2116,2124_img_0,2124_img_1,1
2117,2125_img_0,2125_img_1,1
2118,2126_img_0,2126_img_1,1
2119,2127_img_0,2127_img_1,1
2120,2128_img_0,2128_img_1,1
2121,2129_img_0,2129_img_1,1
2122,2130_img_0,2130_img_1,1
2123,2131_img_0,2131_img_1,1
2124,2132_img_0,2132_img_1,1
2125,2133_img_0,2133_img_1,1
2126,2134_img_0,2134_img_1,1
2127,2135_img_0,2135_img_1,1
2128,2136_img_0,2136_img_1,1
2129,2137_img_0,2137_img_1,1
2130,2138_img_0,2138_img_1,1
2131,2139_img_0,2139_img_1,1
2132,2140_img_0,2140_img_1,1
2133,2141_img_0,2141_img_1,1
2134,2142_img_0,2142_img_1,1
2135,2143_img_0,2143_img_1,1
2136,2144_img_0,2144_img_1,1
2137,2145_img_0,2145_img_1,1
2138,2146_img_0,2146_img_1,1
2139,2147_img_0,2147_img_1,1
2140,2148_img_0,2148_img_1,1
2141,2149_img_0,2149_img_1,1
2142,2150_img_0,2150_img_1,1
2143,2151_img_0,2151_img_1,1
2144,2152_img_0,2152_img_1,1
2145,2153_img_0,2153_img_1,1
2146,2154_img_0,2154_img_1,1
2147,2155_img_0,2155_img_1,1
2148,2156_img_0,2156_img_1,1
2149,2157_img_0,2157_img_1,1
2150,2158_img_0,2158_img_1,1
2151,2159_img_0,2159_img_1,1
2152,2160_img_0,2160_img_1,1
2153,2161_img_0,2161_img_1,1
2154,2162_img_0,2162_img_1,1
2155,2163_img_0,2163_img_1,1
2156,2164_img_0,2164_img_1,1
2157,2165_img_0,2165_img_1,1
2158,2166_img_0,2166_img_1,1
2159,2167_img_0,2167_img_1,1
2160,2168_img_0,2168_img_1,1
2161,2169_img_0,2169_img_1,1
2162,2170_img_0,2170_img_1,1
2163,2171_img_0,2171_img_1,1
2164,2172_img_0,2172_img_1,1
2165,2173_img_0,2173_img_1,1
2166,2174_img_0,2174_img_1,1
2167,2175_img_0,2175_img_1,1
2168,2176_img_0,2176_img_1,1
2169,2177_img_0,2177_img_1,1
2170,2178_img_0,2178_img_1,1
2171,2179_img_0,2179_img_1,1
2172,2180_img_0,2180_img_1,1
2173,2181_img_0,2181_img_1,1
2174,2182_img_0,2182_img_1,1
2175,2183_img_0,2183_img_1,1
2176,2184_img_0,2184_img_1,1
2177,2185_img_0,2185_img_1,1
2178,2186_img_0,2186_img_1,1
2179,2187_img_0,2187_img_1,1
2180,2188_img_0,2188_img_1,1
2181,2189_img_0,2189_img_1,1
2182,2190_img_0,2190_img_1,1
2183,2191_img_0,2191_img_1,1
2184,2192_img_0,2192_img_1,1
2185,2193_img_0,2193_img_1,1
2186,2194_img_0,2194_img_1,1
2187,2195_img_0,2195_img_1,1
2188,2196_img_0,2196_img_1,1
2189,2197_img_0,2197_img_1,1
2190,2198_img_0,2198_img_1,1
2191,2199_img_0,2199_img_1,1
2192,2200_img_0,2200_img_1,1
2193,2201_img_0,2201_img_1,1
2194,2202_img_0,2202_img_1,1
2195,2203_img_0,2203_img_1,1
2196,2204_img_0,2204_img_1,1
2197,2205_img_0,2205_img_1,1
2198,2206_img_0,2206_img_1,1
2199,2207_img_0,2207_img_1,1
2200,2208_img_0,2208_img_1,1
2201,2209_img_0,2209_img_1,1
2202,2210_img_0,2210_img_1,1
2203,2211_img_0,2211_img_1,1
2204,2212_img_0,2212_img_1,1
2205,2213_img_0,2213_img_1,1
2206,2214_img_0,2214_img_1,1
2207,2215_img_0,2215_img_1,1
2208,2216_img_0,2216_img_1,1
2209,2217_img_0,2217_img_1,1
2210,2218_img_0,2218_img_1,1
2211,2219_img_0,2219_img_1,1
2212,2220_img_0,2220_img_1,1
2213,2221_img_0,2221_img_1,1
2214,2222_img_0,2222_img_1,1
2215,2223_img_0,2223_img_1,1
2216,2224_img_0,2224_img_1,1
2217,2225_img_0,2225_img_1,1
2218,2226_img_0,2226_img_1,1
2219,2227_img_0,2227_img_1,1
2220,2228_img_0,2228_img_1,1
2221,2229_img_0,2229_img_1,1
2222,2230_img_0,2230_img_1,1
2223,2231_img_0,2231_img_1,1
2224,2232_img_0,2232_img_1,1
2225,2233_img_0,2233_img_1,1
2226,2234_img_0,2234_img_1,1
2227,2235_img_0,2235_img_1,1
2228,2236_img_0,2236_img_1,1
2229,2237_img_0,2237_img_1,1
2230,2238_img_0,2238_img_1,1
2231,2239_img_0,2239_img_1,1
2232,2240_img_0,2240_img_1,1
2233,2241_img_0,2241_img_1,1
2234,2242_img_0,2242_img_1,1
2235,2243_img_0,2243_img_1,1
2236,2244_img_0,2244_img_1,1
2237,2245_img_0,2245_img_1,1
2238,2246_img_0,2246_img_1,1
2239,2247_img_0,2247_img_1,1
2240,2248_img_0,2248_img_1,1
2241,2249_img_0,2249_img_1,1
2242,2250_img_0,2250_img_1,1
2243,2251_img_0,2251_img_1,1
2244,2252_img_0,2252_img_1,1
2245,2253_img_0,2253_img_1,1
2246,2254_img_0,2254_img_1,1
2247,2255_img_0,2255_img_1,1
2248,2256_img_0,2256_img_1,1
2249,2257_img_0,2257_img_1,1
2250,2258_img_0,2258_img_1,1
2251,2259_img_0,2259_img_1,1
2252,2260_img_0,2260_img_1,1
2253,2261_img_0,2261_img_1,1
2254,2262_img_0,2262_img_1,1
2255,2263_img_0,2263_img_1,1
2256,2264_img_0,2264_img_1,1
2257,2265_img_0,2265_img_1,1
2258,2266_img_0,2266_img_1,1
2259,2267_img_0,2267_img_1,1
2260,2268_img_0,2268_img_1,1
2261,2269_img_0,2269_img_1,1
2262,2270_img_0,2270_img_1,1
2263,2271_img_0,2271_img_1,1
2264,2272_img_0,2272_img_1,1
2265,2273_img_0,2273_img_1,1
2266,2274_img_0,2274_img_1,1
2267,2275_img_0,2275_img_1,1
2268,2276_img_0,2276_img_1,1
2269,2277_img_0,2277_img_1,1
2270,2278_img_0,2278_img_1,1
2271,2279_img_0,2279_img_1,1
2272,2280_img_0,2280_img_1,1
2273,2281_img_0,2281_img_1,1
2274,2282_img_0,2282_img_1,1
2275,2283_img_0,2283_img_1,1
2276,2284_img_0,2284_img_1,1
2277,2285_img_0,2285_img_1,1
2278,2286_img_0,2286_img_1,1
2279,2287_img_0,2287_img_1,1
2280,2288_img_0,2288_img_1,1
2281,2289_img_0,2289_img_1,1
2282,2290_img_0,2290_img_1,1
2283,2291_img_0,2291_img_1,1
2284,2292_img_0,2292_img_1,1
2285,2293_img_0,2293_img_1,1
2286,2294_img_0,2294_img_1,1
2287,2295_img_0,2295_img_1,1
2288,2296_img_0,2296_img_1,1
2289,2297_img_0,2297_img_1,1
2290,2298_img_0,2298_img_1,1
2291,2299_img_0,2299_img_1,1
2292,2300_img_0,2300_img_1,1
2293,2301_img_0,2301_img_1,1
2294,2302_img_0,2302_img_1,1
2295,2303_img_0,2303_img_1,1
2296,2304_img_0,2304_img_1,1
2297,2305_img_0,2305_img_1,1
2298,2306_img_0,2306_img_1,1
2299,2307_img_0,2307_img_1,1
2300,2308_img_0,2308_img_1,1
2301,2309_img_0,2309_img_1,1
2302,2310_img_0,2310_img_1,1
2303,2311_img_0,2311_img_1,1
2304,2312_img_0,2312_img_1,1
2305,2313_img_0,2313_img_1,1
2306,2314_img_0,2314_img_1,1
2307,2315_img_0,2315_img_1,1
2308,2316_img_0,2316_img_1,1
2309,2317_img_0,2317_img_1,1
2310,2318_img_0,2318_img_1,1
2311,2319_img_0,2319_img_1,1
2312,2320_img_0,2320_img_1,1
2313,2321_img_0,2321_img_1,1
2314,2322_img_0,2322_img_1,1
2315,2323_img_0,2323_img_1,1
2316,2324_img_0,2324_img_1,1
2317,2325_img_0,2325_img_1,1
2318,2326_img_0,2326_img_1,1
2319,2327_img_0,2327_img_1,1
2320,2328_img_0,2328_img_1,1
2321,2329_img_0,2329_img_1,1
2322,2330_img_0,2330_img_1,1
2323,2331_img_0,2331_img_1,1
2324,2332_img_0,2332_img_1,1
2325,2333_img_0,2333_img_1,1
2326,2334_img_0,2334_img_1,1
2327,2335_img_0,2335_img_1,1
2328,2336_img_0,2336_img_1,1
2329,2337_img_0,2337_img_1,1
2330,2338_img_0,2338_img_1,1
2331,2339_img_0,2339_img_1,1
2332,2340_img_0,2340_img_1,1
2333,2341_img_0,2341_img_1,1
2334,2342_img_0,2342_img_1,1
2335,2343_img_0,2343_img_1,1
2336,2344_img_0,2344_img_1,1
2337,2345_img_0,2345_img_1,1
2338,2346_img_0,2346_img_1,1
2339,2347_img_0,2347_img_1,1
2340,2348_img_0,2348_img_1,1
2341,2349_img_0,2349_img_1,1
2342,2350_img_0,2350_img_1,1
2343,2351_img_0,2351_img_1,1
2344,2352_img_0,2352_img_1,1
2345,2353_img_0,2353_img_1,1
2346,2354_img_0,2354_img_1,1
2347,2355_img_0,2355_img_1,1
2348,2356_img_0,2356_img_1,1
2349,2357_img_0,2357_img_1,1
2350,2358_img_0,2358_img_1,1
2351,2359_img_0,2359_img_1,1
2352,2360_img_0,2360_img_1,1
2353,2361_img_0,2361_img_1,1
2354,2362_img_0,2362_img_1,1
2355,2363_img_0,2363_img_1,1
2356,2364_img_0,2364_img_1,1
2357,2365_img_0,2365_img_1,1
2358,2366_img_0,2366_img_1,1
2359,2367_img_0,2367_img_1,1
2360,2368_img_0,2368_img_1,1
2361,2369_img_0,2369_img_1,1
2362,2370_img_0,2370_img_1,1
2363,2371_img_0,2371_img_1,1
2364,2372_img_0,2372_img_1,1
2365,2373_img_0,2373_img_1,1
2366,2374_img_0,2374_img_1,1
2367,2375_img_0,2375_img_1,1
2368,2376_img_0,2376_img_1,1
2369,2377_img_0,2377_img_1,1
2370,2378_img_0,2378_img_1,1
2371,2379_img_0,2379_img_1,1
2372,2380_img_0,2380_img_1,1
2373,2381_img_0,2381_img_1,1
2374,2382_img_0,2382_img_1,1
2375,2383_img_0,2383_img_1,1
2376,2384_img_0,2384_img_1,1
2377,2385_img_0,2385_img_1,1
2378,2386_img_0,2386_img_1,1
2379,2387_img_0,2387_img_1,1
2380,2388_img_0,2388_img_1,1
2381,2389_img_0,2389_img_1,1
2382,2390_img_0,2390_img_1,1
2383,2391_img_0,2391_img_1,1
2384,2392_img_0,2392_img_1,1
2385,2393_img_0,2393_img_1,1
2386,2394_img_0,2394_img_1,1
2387,2395_img_0,2395_img_1,1
2388,2396_img_0,2396_img_1,1
2389,2397_img_0,2397_img_1,1
2390,2398_img_0,2398_img_1,1
2391,2399_img_0,2399_img_1,1
2392,2400_img_0,2400_img_1,1
2393,2401_img_0,2401_img_1,1
2394,2402_img_0,2402_img_1,1
2395,2403_img_0,2403_img_1,1
2396,2404_img_0,2404_img_1,1
2397,2405_img_0,2405_img_1,1
2398,2406_img_0,2406_img_1,1
2399,2407_img_0,2407_img_1,1
2400,2408_img_0,2408_img_1,1
2401,2409_img_0,2409_img_1,1
2402,2410_img_0,2410_img_1,1
2403,2411_img_0,2411_img_1,1
2404,2412_img_0,2412_img_1,1
2405,2413_img_0,2413_img_1,1
2406,2414_img_0,2414_img_1,1
2407,2415_img_0,2415_img_1,1
2408,2416_img_0,2416_img_1,1
2409,2417_img_0,2417_img_1,1
2410,2418_img_0,2418_img_1,1
2411,2419_img_0,2419_img_1,1
2412,2420_img_0,2420_img_1,1
2413,2421_img_0,2421_img_1,1
2414,2422_img_0,2422_img_1,1
2415,2423_img_0,2423_img_1,1
2416,2424_img_0,2424_img_1,1
2417,2425_img_0,2425_img_1,1
2418,2426_img_0,2426_img_1,1
2419,2427_img_0,2427_img_1,1
2420,2428_img_0,2428_img_1,1
2421,2429_img_0,2429_img_1,1
2422,2430_img_0,2430_img_1,1
2423,2431_img_0,2431_img_1,1
2424,2432_img_0,2432_img_1,1
2425,2433_img_0,2433_img_1,1
2426,2434_img_0,2434_img_1,1
2427,2435_img_0,2435_img_1,1
2428,2436_img_0,2436_img_1,1
2429,2437_img_0,2437_img_1,1
2430,2438_img_0,2438_img_1,1
2431,2439_img_0,2439_img_1,1
2432,2440_img_0,2440_img_1,1
2433,2441_img_0,2441_img_1,1
2434,2442_img_0,2442_img_1,1
2435,2443_img_0,2443_img_1,1
2436,2444_img_0,2444_img_1,1
2437,2445_img_0,2445_img_1,1
2438,2446_img_0,2446_img_1,1
2439,2447_img_0,2447_img_1,1
2440,2448_img_0,2448_img_1,1
2441,2449_img_0,2449_img_1,1
2442,2450_img_0,2450_img_1,1
2443,2451_img_0,2451_img_1,1
2444,2452_img_0,2452_img_1,1
2445,2453_img_0,2453_img_1,1
2446,2454_img_0,2454_img_1,1
2447,2455_img_0,2455_img_1,1
2448,2456_img_0,2456_img_1,1
2449,2457_img_0,2457_img_1,1
2450,2458_img_0,2458_img_1,1
2451,2459_img_0,2459_img_1,1
2452,2460_img_0,2460_img_1,1
2453,2461_img_0,2461_img_1,1
2454,2462_img_0,2462_img_1,1
2455,2463_img_0,2463_img_1,1
2456,2464_img_0,2464_img_1,1
2457,2465_img_0,2465_img_1,1
2458,2466_img_0,2466_img_1,1
2459,2467_img_0,2467_img_1,1
2460,2468_img_0,2468_img_1,1
2461,2469_img_0,2469_img_1,1
2462,2470_img_0,2470_img_1,1
2463,2471_img_0,2471_img_1,1
2464,2472_img_0,2472_img_1,1
2465,2473_img_0,2473_img_1,1
2466,2474_img_0,2474_img_1,1
2467,2475_img_0,2475_img_1,1
2468,2476_img_0,2476_img_1,1
2469,2477_img_0,2477_img_1,1
2470,2478_img_0,2478_img_1,1
2471,2479_img_0,2479_img_1,1
2472,2480_img_0,2480_img_1,1
2473,2481_img_0,2481_img_1,1
2474,2482_img_0,2482_img_1,1
2475,2483_img_0,2483_img_1,1
2476,2484_img_0,2484_img_1,1
2477,2485_img_0,2485_img_1,1
2478,2486_img_0,2486_img_1,1
2479,2487_img_0,2487_img_1,1
2480,2488_img_0,2488_img_1,1
2481,2489_img_0,2489_img_1,1
2482,2490_img_0,2490_img_1,1
2483,2491_img_0,2491_img_1,1
2484,2492_img_0,2492_img_1,1
2485,2493_img_0,2493_img_1,1
2486,2494_img_0,2494_img_1,1
2487,2495_img_0,2495_img_1,1
2488,2496_img_0,2496_img_1,1
2489,2497_img_0,2497_img_1,1
2490,2498_img_0,2498_img_1,1
2491,2499_img_0,2499_img_1,1
2492,2500_img_0,2500_img_1,1
2493,2501_img_0,2501_img_1,1
2494,2502_img_0,2502_img_1,1
2495,2503_img_0,2503_img_1,1
2496,2504_img_0,2504_img_1,1
2497,2505_img_0,2505_img_1,1
2498,2506_img_0,2506_img_1,1
2499,2507_img_0,2507_img_1,1
2500,2508_img_0,2508_img_1,1
2501,2509_img_0,2509_img_1,1
2502,2510_img_0,2510_img_1,1
2503,2511_img_0,2511_img_1,1
2504,2512_img_0,2512_img_1,1
2505,2513_img_0,2513_img_1,1
2506,2514_img_0,2514_img_1,1
2507,2515_img_0,2515_img_1,1
2508,2516_img_0,2516_img_1,1
2509,2517_img_0,2517_img_1,1
2510,2518_img_0,2518_img_1,1
2511,2519_img_0,2519_img_1,1
2512,2520_img_0,2520_img_1,1
2513,2521_img_0,2521_img_1,1
2514,2522_img_0,2522_img_1,1
2515,2523_img_0,2523_img_1,1
2516,2524_img_0,2524_img_1,1
2517,2525_img_0,2525_img_1,1
2518,2526_img_0,2526_img_1,1
2519,2527_img_0,2527_img_1,1
2520,2528_img_0,2528_img_1,1
2521,2529_img_0,2529_img_1,1
2522,2530_img_0,2530_img_1,1
2523,2531_img_0,2531_img_1,1
2524,2532_img_0,2532_img_1,1
2525,2533_img_0,2533_img_1,1
2526,2534_img_0,2534_img_1,1
2527,2535_img_0,2535_img_1,1
2528,2536_img_0,2536_img_1,1
2529,2537_img_0,2537_img_1,1
2530,2538_img_0,2538_img_1,1
2531,2539_img_0,2539_img_1,1
2532,2540_img_0,2540_img_1,1
2533,2541_img_0,2541_img_1,1
2534,2542_img_0,2542_img_1,1
2535,2543_img_0,2543_img_1,1
2536,2544_img_0,2544_img_1,1
2537,2545_img_0,2545_img_1,1
2538,2546_img_0,2546_img_1,1
2539,2547_img_0,2547_img_1,1
2540,2548_img_0,2548_img_1,1
2541,2549_img_0,2549_img_1,1
2542,2550_img_0,2550_img_1,1
2543,2551_img_0,2551_img_1,1
2544,2552_img_0,2552_img_1,1
2545,2553_img_0,2553_img_1,1
2546,2554_img_0,2554_img_1,1
2547,2555_img_0,2555_img_1,1
2548,2556_img_0,2556_img_1,1
2549,2557_img_0,2557_img_1,1
2550,2558_img_0,2558_img_1,1
2551,2559_img_0,2559_img_1,1
2552,2560_img_0,2560_img_1,1
2553,2561_img_0,2561_img_1,1
2554,2562_img_0,2562_img_1,1
2555,2563_img_0,2563_img_1,1
2556,2564_img_0,2564_img_1,1
2557,2565_img_0,2565_img_1,1
2558,2566_img_0,2566_img_1,1
2559,2567_img_0,2567_img_1,1
2560,2568_img_0,2568_img_1,1
2561,2569_img_0,2569_img_1,1
2562,2570_img_0,2570_img_1,1
2563,2571_img_0,2571_img_1,1
2564,2572_img_0,2572_img_1,1
2565,2573_img_0,2573_img_1,1
2566,2574_img_0,2574_img_1,1
2567,2575_img_0,2575_img_1,1
2568,2576_img_0,2576_img_1,1
2569,2577_img_0,2577_img_1,1
2570,2578_img_0,2578_img_1,1
2571,2579_img_0,2579_img_1,1
2572,2580_img_0,2580_img_1,1
2573,2581_img_0,2581_img_1,1
2574,2582_img_0,2582_img_1,1
2575,2583_img_0,2583_img_1,1
2576,2584_img_0,2584_img_1,1
2577,2585_img_0,2585_img_1,1
2578,2586_img_0,2586_img_1,1
2579,2587_img_0,2587_img_1,1
2580,2588_img_0,2588_img_1,1
2581,2589_img_0,2589_img_1,1
2582,2590_img_0,2590_img_1,1
2583,2591_img_0,2591_img_1,1
2584,2592_img_0,2592_img_1,1
2585,2593_img_0,2593_img_1,1
2586,2594_img_0,2594_img_1,1
2587,2595_img_0,2595_img_1,1
2588,2596_img_0,2596_img_1,1
2589,2597_img_0,2597_img_1,1
2590,2598_img_0,2598_img_1,1
2591,2599_img_0,2599_img_1,1
2592,2600_img_0,2600_img_1,1
2593,2601_img_0,2601_img_1,1
2594,2602_img_0,2602_img_1,1
2595,2603_img_0,2603_img_1,1
2596,2604_img_0,2604_img_1,1
2597,2605_img_0,2605_img_1,1
2598,2606_img_0,2606_img_1,1
2599,2607_img_0,2607_img_1,1
2600,2608_img_0,2608_img_1,1
2601,2609_img_0,2609_img_1,1
2602,2610_img_0,2610_img_1,1
2603,2611_img_0,2611_img_1,1
2604,2612_img_0,2612_img_1,1
2605,2613_img_0,2613_img_1,1
2606,2614_img_0,2614_img_1,1
2607,2615_img_0,2615_img_1,1
2608,2616_img_0,2616_img_1,1
2609,2617_img_0,2617_img_1,1
2610,2618_img_0,2618_img_1,1
2611,2619_img_0,2619_img_1,1
2612,2620_img_0,2620_img_1,1
2613,2621_img_0,2621_img_1,1
2614,2622_img_0,2622_img_1,1
2615,2623_img_0,2623_img_1,1
2616,2624_img_0,2624_img_1,1
2617,2625_img_0,2625_img_1,1
2618,2626_img_0,2626_img_1,1
2619,2627_img_0,2627_img_1,1
2620,2628_img_0,2628_img_1,1
2621,2629_img_0,2629_img_1,1
2622,2630_img_0,2630_img_1,1
2623,2631_img_0,2631_img_1,1
2624,2632_img_0,2632_img_1,1
2625,2633_img_0,2633_img_1,1
2626,2634_img_0,2634_img_1,1
2627,2635_img_0,2635_img_1,1
2628,2636_img_0,2636_img_1,1
2629,2637_img_0,2637_img_1,1
2630,2638_img_0,2638_img_1,1
2631,2639_img_0,2639_img_1,1
2632,2640_img_0,2640_img_1,1
2633,2641_img_0,2641_img_1,1
2634,2642_img_0,2642_img_1,1
2635,2643_img_0,2643_img_1,1
2636,2644_img_0,2644_img_1,1
2637,2645_img_0,2645_img_1,1
2638,2646_img_0,2646_img_1,1
2639,2647_img_0,2647_img_1,1
2640,2648_img_0,2648_img_1,1
2641,2649_img_0,2649_img_1,1
2642,2650_img_0,2650_img_1,1
2643,2651_img_0,2651_img_1,1
2644,2652_img_0,2652_img_1,1
2645,2653_img_0,2653_img_1,1
2646,2654_img_0,2654_img_1,1
2647,2655_img_0,2655_img_1,1
2648,2656_img_0,2656_img_1,1
2649,2657_img_0,2657_img_1,1
2650,2658_img_0,2658_img_1,1
2651,2659_img_0,2659_img_1,1
2652,2660_img_0,2660_img_1,1
2653,2661_img_0,2661_img_1,1
2654,2662_img_0,2662_img_1,1
2655,2663_img_0,2663_img_1,1
2656,2664_img_0,2664_img_1,1
2657,2665_img_0,2665_img_1,1
2658,2666_img_0,2666_img_1,1
2659,2667_img_0,2667_img_1,1
2660,2668_img_0,2668_img_1,1
2661,2669_img_0,2669_img_1,1
2662,2670_img_0,2670_img_1,1
2663,2671_img_0,2671_img_1,1
2664,2672_img_0,2672_img_1,1
2665,2673_img_0,2673_img_1,1
2666,2674_img_0,2674_img_1,1
2667,2675_img_0,2675_img_1,1
2668,2676_img_0,2676_img_1,1
2669,2677_img_0,2677_img_1,1
2670,2678_img_0,2678_img_1,1
2671,2679_img_0,2679_img_1,1
2672,2680_img_0,2680_img_1,1
2673,2681_img_0,2681_img_1,1
2674,2682_img_0,2682_img_1,1
2675,2683_img_0,2683_img_1,1
2676,2684_img_0,2684_img_1,1
2677,2685_img_0,2685_img_1,1
2678,2686_img_0,2686_img_1,1
2679,2687_img_0,2687_img_1,1
2680,2688_img_0,2688_img_1,1
2681,2689_img_0,2689_img_1,1
2682,2690_img_0,2690_img_1,1
2683,2691_img_0,2691_img_1,1
2684,2692_img_0,2692_img_1,1
2685,2693_img_0,2693_img_1,1
2686,2694_img_0,2694_img_1,1
2687,2695_img_0,2695_img_1,1
2688,2696_img_0,2696_img_1,1
2689,2697_img_0,2697_img_1,1
2690,2698_img_0,2698_img_1,1
2691,2699_img_0,2699_img_1,1
2692,2700_img_0,2700_img_1,1
2693,2701_img_0,2701_img_1,1
2694,2702_img_0,2702_img_1,1
2695,2703_img_0,2703_img_1,1
2696,2704_img_0,2704_img_1,1
2697,2705_img_0,2705_img_1,1
2698,2706_img_0,2706_img_1,1
2699,2707_img_0,2707_img_1,1
2700,2708_img_0,2708_img_1,1
2701,2709_img_0,2709_img_1,1
2702,2710_img_0,2710_img_1,1
2703,2711_img_0,2711_img_1,1
2704,2712_img_0,2712_img_1,1
2705,2713_img_0,2713_img_1,1
2706,2714_img_0,2714_img_1,1
2707,2715_img_0,2715_img_1,1
2708,2716_img_0,2716_img_1,1
2709,2717_img_0,2717_img_1,1
2710,2718_img_0,2718_img_1,1
2711,2719_img_0,2719_img_1,1
2712,2720_img_0,2720_img_1,1
2713,2721_img_0,2721_img_1,1
2714,2722_img_0,2722_img_1,1
2715,2723_img_0,2723_img_1,1
2716,2724_img_0,2724_img_1,1
2717,2725_img_0,2725_img_1,1
2718,2726_img_0,2726_img_1,1
2719,2727_img_0,2727_img_1,1
2720,2728_img_0,2728_img_1,1
2721,2729_img_0,2729_img_1,1
2722,2730_img_0,2730_img_1,1
2723,2731_img_0,2731_img_1,1
2724,2732_img_0,2732_img_1,1
2725,2733_img_0,2733_img_1,1
2726,2734_img_0,2734_img_1,1
2727,2735_img_0,2735_img_1,1
2728,2736_img_0,2736_img_1,1
2729,2737_img_0,2737_img_1,1
2730,2738_img_0,2738_img_1,1
2731,2739_img_0,2739_img_1,1
2732,2740_img_0,2740_img_1,1
2733,2741_img_0,2741_img_1,1
2734,2742_img_0,2742_img_1,1
2735,2743_img_0,2743_img_1,1
2736,2744_img_0,2744_img_1,1
2737,2745_img_0,2745_img_1,1
2738,2746_img_0,2746_img_1,1
2739,2747_img_0,2747_img_1,1
2740,2748_img_0,2748_img_1,1
2741,2749_img_0,2749_img_1,1
2742,2750_img_0,2750_img_1,1
2743,2751_img_0,2751_img_1,1
2744,2752_img_0,2752_img_1,1
2745,2753_img_0,2753_img_1,1
2746,2754_img_0,2754_img_1,1
2747,2755_img_0,2755_img_1,1
2748,2756_img_0,2756_img_1,1
2749,2757_img_0,2757_img_1,1
2750,2758_img_0,2758_img_1,1
2751,2759_img_0,2759_img_1,1
2752,2760_img_0,2760_img_1,1
2753,2761_img_0,2761_img_1,1
2754,2762_img_0,2762_img_1,1
2755,2763_img_0,2763_img_1,1
2756,2764_img_0,2764_img_1,1
2757,2765_img_0,2765_img_1,1
2758,2766_img_0,2766_img_1,1
2759,2767_img_0,2767_img_1,1
2760,2768_img_0,2768_img_1,1
2761,2769_img_0,2769_img_1,1
2762,2770_img_0,2770_img_1,1
2763,2771_img_0,2771_img_1,1
2764,2772_img_0,2772_img_1,1
2765,2773_img_0,2773_img_1,1
2766,2774_img_0,2774_img_1,1
2767,2775_img_0,2775_img_1,1
2768,2776_img_0,2776_img_1,1
2769,2777_img_0,2777_img_1,1
2770,2778_img_0,2778_img_1,1
2771,2779_img_0,2779_img_1,1
2772,2780_img_0,2780_img_1,1
2773,2781_img_0,2781_img_1,1
2774,2782_img_0,2782_img_1,1
2775,2783_img_0,2783_img_1,1
2776,2784_img_0,2784_img_1,1
2777,2785_img_0,2785_img_1,1
2778,2786_img_0,2786_img_1,1
2779,2787_img_0,2787_img_1,1
2780,2788_img_0,2788_img_1,1
2781,2789_img_0,2789_img_1,1
2782,2790_img_0,2790_img_1,1
2783,2791_img_0,2791_img_1,1
2784,2792_img_0,2792_img_1,1
2785,2793_img_0,2793_img_1,1
2786,2794_img_0,2794_img_1,1
2787,2795_img_0,2795_img_1,1
2788,2796_img_0,2796_img_1,1
2789,2797_img_0,2797_img_1,1
2790,2798_img_0,2798_img_1,1
2791,2799_img_0,2799_img_1,1
2792,2800_img_0,2800_img_1,1
2793,2801_img_0,2801_img_1,1
2794,2802_img_0,2802_img_1,1
2795,2803_img_0,2803_img_1,1
2796,2804_img_0,2804_img_1,1
