GW190408_181802,S190408an
GW190412,S190412m
GW190413_052954,S190413i
GW190413_134308,S190413ac
GW190421_213856,S190421ar
GW190424_180648,S190424ao
GW190425,S190425z
GW190426_152155,S190426c
GW190503_185404,S190503bf
GW190512_180714,S190512at
GW190513_205428,S190513bm
GW190514_065416,S190514n
GW190517_055101,S190517h
GW190519_153544,S190519bj
GW190521,S190521g
GW190521_074359,S190521r
GW190527_092055,S190527w
GW190602_175927,S190602aq
GW190620_030421,S190620e
GW190630_185205,S190630ag
GW190701_203306,S190701ah
GW190706_222641,S190706ai
GW190707_093326,S190707q
GW190708_232457,S190708ap
GW190719_215514,S190719an
GW190720_000836,S190720a
GW190727_060333,S190727h
GW190728_064510,S190728q
GW190731_140936,S190731aa
GW190803_022701,S190803e
GW190814,S190814bv
GW190828_063405,S190828j
GW190828_065509,S190828l
GW190909_114149,S190909w
GW190910_112807,S190910s
GW190915_235702,S190915ak
GW190924_021846,S190924h
GW190929_012149,S190929d
GW190930_133541,S190930s
